total_cpu,total_mem,asterisk_cpu,asterisk_mem,voiceglue_cpu,voiceglue_mem,phoneglue_cpu,phoneglue_mem,node_cpu,node_mem,mongod_cpu,mongod_mem
0.30700000000000005,0.9504243729661007,0.057999999999999996,0.013999999999999999,0,0.066,0,0.005,0,0.024,0.019,0.027999999999999997
0.381,0.9509298103054785,0,0.013999999999999999,0.13699999999999998,0.066,0,0.005,0.046,0.024,0.046,0.027999999999999997
1,0.9531265187420054,0,0.013999999999999999,0.29400000000000004,0.066,0.049,0.005,0.637,0.026000000000000002,0,0.027999999999999997
1,0.9544581517322893,0.098,0.013999999999999999,0.295,0.066,0,0.005,0.344,0.026000000000000002,0,0.027999999999999997
1,0.9559764077401897,0.049,0.013999999999999999,0.29400000000000004,0.066,0.049,0.005,0.489,0.026000000000000002,0,0.027999999999999997
1,0.9571797374058623,0,0.013999999999999999,0.294,0.066,0,0.005,0.5379999999999999,0.027000000000000003,0,0.027999999999999997
1,0.9606186553033985,0,0.013999999999999999,0.291,0.07400000000000001,0,0.005,0.583,0.03,0.049,0.027999999999999997
1,0.961643137910522,0,0.013999999999999999,0.098,0.066,0,0.005,0.7859999999999999,0.031,0,0.027999999999999997
1,0.9647088097728254,0.049,0.013999999999999999,0.196,0.066,0.049,0.005,0.588,0.035,0,0.027999999999999997
1,0.9634879841992512,0.078,0.013999999999999999,0.11599999999999999,0.066,0,0.005,0.698,0.035,0.039,0.027999999999999997
0.65,0.9634802082401839,0.049,0.013999999999999999,0.196,0.066,0,0.005,0.392,0.036000000000000004,0,0.027999999999999997
0.381,0.9634802082401839,0.321,0.013999999999999999,0,0.066,0,0.005,0,0.036000000000000004,0.046,0.027999999999999997
0.381,0.9634802082401839,0.441,0.013999999999999999,0,0.066,0,0.005,0,0.036000000000000004,0.049,0.027999999999999997
0.2859999999999999,0.9634802082401839,0.231,0.013999999999999999,0,0.066,0,0.005,0,0.036000000000000004,0.046,0.027999999999999997
0.524,0.9635035361173859,0.41200000000000003,0.013999999999999999,0.092,0.066,0,0.005,0,0.036000000000000004,0,0.027999999999999997
0.4,0.9635113120764532,0.43200000000000005,0.013999999999999999,0.048,0.066,0,0.005,0,0.036000000000000004,0,0.027999999999999997
0.4,0.9635113120764532,0.457,0.013999999999999999,0,0.066,0,0.005,0,0.036000000000000004,0,0.027999999999999997
0.364,0.9635346399536553,0.29600000000000004,0.013999999999999999,0,0.066,0,0.005,0,0.036000000000000004,0,0.027999999999999997
0.238,0.9635346399536553,0.26899999999999996,0.013999999999999999,0,0.066,0,0.005,0,0.036000000000000004,0.09,0.027999999999999997
0.2859999999999999,0.9635346399536553,0.242,0.013999999999999999,0,0.066,0,0.005,0,0.036000000000000004,0,0.027999999999999997
0.579,0.963538527933189,0.32899999999999996,0.013999999999999999,0,0.066,0,0.005,0,0.036000000000000004,0.047,0.027999999999999997
0.263,0.963538527933189,0.33899999999999997,0.013999999999999999,0,0.066,0,0.005,0,0.036000000000000004,0.048,0.027999999999999997
0.44999999999999996,0.963538527933189,0.325,0.013999999999999999,0,0.066,0,0.005,0,0.036000000000000004,0,0.027999999999999997
0.619,0.963538527933189,0.5920000000000001,0.013999999999999999,0,0.066,0,0.005,0,0.036000000000000004,0,0.027999999999999997
0.238,0.963538527933189,0.23800000000000002,0.013999999999999999,0.048,0.066,0.048,0.005,0,0.036000000000000004,0.048,0.027999999999999997
0.476,0.963538527933189,0.43,0.013999999999999999,0,0.066,0.048,0.005,0,0.036000000000000004,0,0.027999999999999997
0.2859999999999999,0.963538527933189,0.244,0.013999999999999999,0,0.066,0,0.005,0,0.036000000000000004,0,0.027999999999999997
0.45499999999999996,0.963561855810391,0.32,0.013999999999999999,0.046,0.066,0,0.005,0,0.036000000000000004,0.046,0.027999999999999997
0.65,0.963561855810391,0.376,0.013999999999999999,0.047,0.066,0,0.005,0,0.036000000000000004,0,0.027999999999999997
0.42899999999999994,0.9640109174465306,0.18899999999999997,0.013999999999999999,0.047,0.066,0,0.005,0.095,0.036000000000000004,0,0.027999999999999997
0.9,0.9650256801048199,0.147,0.013999999999999999,0.098,0.066,0.049,0.005,0.342,0.036000000000000004,0.049,0.027999999999999997
1,0.9646368821514524,0.098,0.013999999999999999,0.14700000000000002,0.066,0,0.005,0.344,0.036000000000000004,0,0.027999999999999997
1,0.9657021885436795,0.095,0.013999999999999999,0.14200000000000002,0.066,0,0.005,0.615,0.037000000000000005,0,0.027999999999999997
1,0.9658713156533943,0.049,0.013999999999999999,0.196,0.066,0,0.005,0.638,0.037000000000000005,0,0.027999999999999997
1,0.965791612072954,0.048,0.013999999999999999,0.192,0.066,0,0.005,0.721,0.037000000000000005,0,0.027999999999999997
0.609,0.9650528959615556,0.256,0.013999999999999999,0.17099999999999999,0.066,0,0.005,0.171,0.037000000000000005,0.043,0.027999999999999997
0.42899999999999994,0.9650528959615556,0.423,0.013999999999999999,0,0.066,0,0.005,0,0.037000000000000005,0,0.027999999999999997
0.25,0.9650528959615556,0.237,0.013999999999999999,0,0.066,0.047,0.005,0,0.037000000000000005,0,0.027999999999999997
0.42100000000000004,0.9650528959615556,0.387,0.013999999999999999,0,0.066,0,0.005,0,0.037000000000000005,0,0.027999999999999997
0.44999999999999996,0.965049007982022,0.336,0.013999999999999999,0,0.066,0,0.005,0,0.037000000000000005,0.096,0.027999999999999997
0.4,0.965049007982022,0.344,0.013999999999999999,0,0.066,0,0.005,0,0.037000000000000005,0.049,0.027999999999999997
0.25,0.965049007982022,0.275,0.013999999999999999,0,0.066,0,0.005,0,0.037000000000000005,0,0.027999999999999997
0.2609999999999999,0.965049007982022,0.331,0.013999999999999999,0,0.066,0,0.005,0,0.037000000000000005,0,0.027999999999999997
0.25,0.965049007982022,0.35,0.013999999999999999,0,0.066,0,0.005,0,0.037000000000000005,0,0.027999999999999997
0.42899999999999994,0.965049007982022,0.34299999999999997,0.013999999999999999,0,0.066,0,0.005,0,0.037000000000000005,0.049,0.027999999999999997
0.4,0.965049007982022,0.382,0.013999999999999999,0,0.066,0.048,0.005,0,0.037000000000000005,0,0.027999999999999997
0.5449999999999999,0.965049007982022,0.33799999999999997,0.013999999999999999,0,0.066,0,0.005,0,0.037000000000000005,0.048,0.027999999999999997
0.571,0.965049007982022,0.433,0.013999999999999999,0,0.066,0,0.005,0,0.037000000000000005,0,0.027999999999999997
0.44999999999999996,0.965049007982022,0.196,0.013999999999999999,0,0.066,0.049,0.005,0,0.037000000000000005,0.098,0.027999999999999997
0.33299999999999996,0.965049007982022,0.285,0.013999999999999999,0.048,0.066,0,0.005,0,0.037000000000000005,0,0.027999999999999997
0.389,0.965049007982022,0.385,0.013999999999999999,0,0.066,0,0.005,0,0.037000000000000005,0,0.027999999999999997
0.33299999999999996,0.965049007982022,0.27899999999999997,0.013999999999999999,0,0.066,0,0.005,0,0.037000000000000005,0.046,0.027999999999999997
0.44999999999999996,0.965049007982022,0.34299999999999997,0.013999999999999999,0,0.066,0,0.005,0,0.037000000000000005,0,0.027999999999999997
0.44399999999999995,0.965049007982022,0.364,0.013999999999999999,0,0.066,0,0.005,0,0.037000000000000005,0.091,0.027999999999999997
0.1359999999999999,0.965049007982022,0.14,0.013999999999999999,0,0.066,0,0.005,0,0.037000000000000005,0.047,0.027999999999999997
0.2859999999999999,0.965049007982022,0.32899999999999996,0.013999999999999999,0,0.066,0,0.005,0,0.037000000000000005,0,0.027999999999999997
0.30000000000000004,0.965049007982022,0.319,0.013999999999999999,0,0.066,0,0.005,0,0.037000000000000005,0.046,0.027999999999999997
0.381,0.9650839997978251,0.185,0.013999999999999999,0,0.066,0,0.005,0,0.037000000000000005,0.046,0.027999999999999997
0.762,0.9653211665493793,0.049,0.013999999999999999,0.14700000000000002,0.066,0,0.005,0.439,0.038,0.098,0.027999999999999997
0.905,0.9658110519706224,0.095,0.013999999999999999,0.191,0.066,0.048,0.005,0.33299999999999996,0.038,0.048,0.027999999999999997
1,0.9655777731986018,0.049,0.013999999999999999,0.243,0.066,0,0.005,0.5820000000000001,0.038,0.049,0.027999999999999997
0.857,0.9655777731986018,0.14,0.013999999999999999,0.23399999999999999,0.07400000000000001,0,0.005,0.42,0.038,0,0.027999999999999997
0.8,0.9655427813827988,0.049,0.013999999999999999,0.09699999999999999,0.066,0.049,0.005,0.43799999999999994,0.038,0,0.027999999999999997
0.31799999999999995,0.9655427813827988,0.243,0.013999999999999999,0.146,0.066,0,0.005,0,0.038,0.049,0.027999999999999997
0.09999999999999998,0.9655427813827988,0.185,0.013999999999999999,0,0.066,0,0.005,0,0.038,0,0.027999999999999997
0.2859999999999999,0.9655427813827988,0.295,0.013999999999999999,0.049,0.066,0,0.005,0,0.038,0.049,0.027999999999999997
0.31799999999999995,0.9655427813827988,0.305,0.013999999999999999,0,0.066,0,0.005,0,0.038,0,0.027999999999999997
0.35,0.9655311174441977,0.40299999999999997,0.013999999999999999,0,0.066,0,0.005,0,0.038,0,0.027999999999999997
0.44999999999999996,0.9655311174441977,0.293,0.013999999999999999,0,0.066,0,0.005,0,0.038,0.098,0.027999999999999997
0.35,0.9655311174441977,0.322,0.013999999999999999,0,0.066,0,0.005,0,0.038,0.046,0.027999999999999997
0.238,0.9655311174441977,0.24600000000000002,0.013999999999999999,0.049,0.066,0,0.005,0,0.038,0,0.027999999999999997
0.30000000000000004,0.9655544453213998,0.341,0.013999999999999999,0,0.066,0,0.005,0,0.038,0,0.027999999999999997
0.4,0.9655466693623325,0.18600000000000003,0.013999999999999999,0.046,0.066,0.046,0.005,0,0.038,0.046,0.027999999999999997
0.5,0.9658829795919954,0.235,0.013999999999999999,0,0.066,0,0.005,0.047,0.038,0.047,0.027999999999999997
0.857,0.9661434742207518,0.048,0.013999999999999999,0.192,0.066,0,0.005,0.48200000000000004,0.038,0,0.027999999999999997
1,0.9680758000489885,0.048,0.013999999999999999,0.23800000000000002,0.066,0.048,0.005,0.33299999999999996,0.038,0.048,0.027999999999999997
1,0.9681846634759315,0.09699999999999999,0.013999999999999999,0.19399999999999998,0.066,0,0.005,0.532,0.038,0,0.027999999999999997
1,0.9687795243445838,0.147,0.013999999999999999,0.39,0.07400000000000001,0,0.005,0.293,0.038,0.049,0.027999999999999997
1,0.9691294425026147,0.098,0.013999999999999999,0.14700000000000002,0.066,0.049,0.005,0.541,0.038,0.049,0.027999999999999997
1,0.9678483532462685,0.23399999999999999,0.013999999999999999,0.094,0.066,0,0.005,0.609,0.039,0,0.027000000000000003
1,0.968382950432149,0,0.013999999999999999,0.33799999999999997,0.066,0,0.005,0.53,0.039,0.048,0.027000000000000003
1,0.9678930650109058,0.049,0.013999999999999999,0.049,0.066,0,0.005,0.685,0.039,0,0.027000000000000003
1,0.9660773785686793,0.049,0.013999999999999999,0.098,0.066,0,0.005,0.633,0.038,0.049,0.027000000000000003
0.619,0.9657760601548193,0.293,0.013999999999999999,0.14700000000000002,0.066,0,0.005,0.098,0.038,0,0.027000000000000003
0.368,0.9657760601548193,0.391,0.013999999999999999,0,0.066,0,0.005,0,0.038,0.049,0.027000000000000003
0.42899999999999994,0.9657760601548193,0.384,0.013999999999999999,0,0.066,0,0.005,0,0.038,0,0.027000000000000003
0.5,0.965768284195752,0.547,0.013999999999999999,0,0.066,0,0.005,0,0.038,0,0.027000000000000003
0.55,0.965768284195752,0.439,0.013999999999999999,0,0.066,0,0.005,0,0.038,0,0.027000000000000003
0.35,0.965768284195752,0.419,0.013999999999999999,0,0.066,0,0.005,0,0.038,0,0.027000000000000003
0.42100000000000004,0.965768284195752,0.418,0.013999999999999999,0,0.066,0.046,0.005,0,0.038,0,0.027000000000000003
0.5,0.965768284195752,0.537,0.013999999999999999,0,0.066,0,0.005,0,0.038,0,0.027000000000000003
0.381,0.965768284195752,0.385,0.013999999999999999,0,0.066,0,0.005,0,0.038,0.043,0.027000000000000003
0.5,0.965768284195752,0.374,0.013999999999999999,0,0.066,0,0.005,0,0.038,0.047,0.027000000000000003
0.35,0.965768284195752,0.382,0.013999999999999999,0,0.066,0,0.005,0,0.038,0.048,0.027000000000000003
0.30400000000000005,0.965768284195752,0.28,0.013999999999999999,0,0.066,0,0.005,0,0.038,0,0.027000000000000003
0.5,0.965768284195752,0.48100000000000004,0.013999999999999999,0,0.066,0,0.005,0,0.038,0,0.027000000000000003
0.238,0.965768284195752,0.24600000000000002,0.013999999999999999,0,0.066,0,0.005,0,0.038,0,0.027000000000000003
0.4,0.965768284195752,0.233,0.013999999999999999,0.047,0.066,0,0.005,0,0.038,0,0.027000000000000003
0.263,0.965768284195752,0.289,0.013999999999999999,0,0.066,0,0.005,0,0.038,0,0.027000000000000003
0.5449999999999999,0.965768284195752,0.389,0.013999999999999999,0,0.066,0,0.005,0,0.038,0.049,0.027000000000000003
0.42100000000000004,0.965768284195752,0.262,0.013999999999999999,0,0.066,0,0.005,0,0.038,0,0.027000000000000003
0.42100000000000004,0.965768284195752,0.39399999999999996,0.013999999999999999,0,0.066,0,0.005,0,0.038,0.049,0.027000000000000003
0.33299999999999996,0.965768284195752,0.245,0.013999999999999999,0,0.066,0,0.005,0,0.038,0,0.027000000000000003
0.2859999999999999,0.965768284195752,0.18600000000000003,0.013999999999999999,0,0.066,0,0.005,0,0.038,0.046,0.027000000000000003
0.5,0.965768284195752,0.275,0.013999999999999999,0,0.066,0,0.005,0,0.038,0,0.027000000000000003
0.42100000000000004,0.965768284195752,0.332,0.013999999999999999,0,0.066,0,0.005,0,0.038,0.047,0.027000000000000003
0.389,0.965768284195752,0.35200000000000004,0.013999999999999999,0,0.066,0,0.005,0,0.038,0,0.027000000000000003
0.42100000000000004,0.965768284195752,0.433,0.013999999999999999,0,0.066,0,0.005,0,0.038,0,0.027000000000000003
0.45499999999999996,0.965768284195752,0.39299999999999996,0.013999999999999999,0.049,0.066,0,0.005,0,0.038,0,0.027000000000000003
0.31799999999999995,0.965768284195752,0.263,0.013999999999999999,0,0.066,0,0.005,0,0.038,0,0.027000000000000003
0.29400000000000004,0.965768284195752,0.34299999999999997,0.013999999999999999,0,0.066,0,0.005,0,0.038,0.049,0.027000000000000003
0.556,0.9663495371360366,0.344,0.013999999999999999,0.049,0.066,0,0.005,0.147,0.038,0,0.027999999999999997
0.952,0.9672651563162171,0.096,0.013999999999999999,0.24000000000000002,0.07400000000000001,0.048,0.005,0.43200000000000005,0.038,0,0.027999999999999997
1,0.9678600171848696,0.098,0.013999999999999999,0.14700000000000002,0.066,0,0.005,0.49,0.038,0.049,0.027999999999999997
1,0.9686259491530037,0,0.013999999999999999,0.242,0.07400000000000001,0,0.005,0.242,0.038,0,0.027999999999999997
1,0.9693899371313709,0.049,0.013999999999999999,0.14700000000000002,0.066,0,0.005,0.541,0.038,0.098,0.027999999999999997
1,0.9685676294599985,0.049,0.013999999999999999,0.245,0.066,0,0.005,0.637,0.038,0,0.027999999999999997
1,0.968993363218936,0,0.013999999999999999,0.196,0.066,0,0.005,0.541,0.038,0,0.027999999999999997
1,0.968202159383833,0,0.013999999999999999,0.098,0.066,0.049,0.005,0.785,0.038,0,0.027999999999999997
0.955,0.9668685824037823,0.09699999999999999,0.013999999999999999,0.293,0.066,0,0.005,0.536,0.038,0,0.027999999999999997
0.263,0.9668685824037823,0.183,0.013999999999999999,0,0.066,0,0.005,0,0.038,0.046,0.027999999999999997
0.368,0.9668685824037823,0.39299999999999996,0.013999999999999999,0,0.066,0,0.005,0,0.038,0,0.027999999999999997
0.44999999999999996,0.9668685824037823,0.341,0.013999999999999999,0,0.066,0,0.005,0,0.038,0,0.027999999999999997
0.381,0.9668685824037823,0.332,0.013999999999999999,0,0.066,0,0.005,0,0.038,0,0.027999999999999997
0.35,0.9668530304856475,0.385,0.013999999999999999,0,0.066,0,0.005,0,0.038,0,0.027999999999999997
0.524,0.9669774458307252,0.226,0.013999999999999999,0.135,0.066,0,0.005,0.135,0.038,0.045,0.027999999999999997
0.6,0.9670377095134971,0.295,0.013999999999999999,0.049,0.066,0,0.005,0.24600000000000002,0.038,0,0.027999999999999997
0.42899999999999994,0.9670377095134971,0.392,0.013999999999999999,0.049,0.066,0,0.005,0,0.038,0.049,0.027999999999999997
0.42899999999999994,0.9670940852167355,0.23399999999999999,0.013999999999999999,0,0.066,0,0.005,0,0.038,0,0.027999999999999997
0.33299999999999996,0.9670940852167355,0.32799999999999996,0.013999999999999999,0,0.066,0,0.005,0,0.038,0.094,0.027999999999999997
0.35,0.9670940852167355,0.392,0.013999999999999999,0,0.066,0.049,0.005,0,0.038,0,0.027999999999999997
0.727,0.9670979731962691,0.18600000000000003,0.013999999999999999,0.139,0.066,0,0.005,0.325,0.038,0,0.027999999999999997
0.368,0.9670979731962691,0.326,0.013999999999999999,0.047,0.066,0,0.005,0,0.038,0,0.027999999999999997
0.21099999999999997,0.9670979731962691,0.284,0.013999999999999999,0,0.066,0,0.005,0,0.038,0,0.027999999999999997
0.714,0.967218500561813,0.18899999999999997,0.013999999999999999,0.189,0.066,0,0.005,0.142,0.038,0.047,0.027999999999999997
0.619,0.9670979731962691,0.145,0.013999999999999999,0.145,0.066,0,0.005,0.242,0.038,0,0.027999999999999997
0.18999999999999995,0.9670979731962691,0.196,0.013999999999999999,0,0.066,0.049,0.005,0,0.038,0.098,0.027999999999999997
0.381,0.9670979731962691,0.365,0.013999999999999999,0,0.066,0,0.005,0,0.038,0,0.027999999999999997
0.44999999999999996,0.9670940852167355,0.527,0.013999999999999999,0,0.066,0.048,0.005,0,0.038,0,0.027999999999999997
0.4,0.9670940852167355,0.321,0.013999999999999999,0.046,0.066,0,0.005,0,0.038,0,0.027999999999999997
0.22699999999999998,0.9670940852167355,0.285,0.013999999999999999,0,0.066,0,0.005,0,0.038,0.048,0.027999999999999997
0.42100000000000004,0.9670940852167355,0.452,0.013999999999999999,0,0.066,0,0.005,0,0.038,0,0.027999999999999997
0.30000000000000004,0.9670940852167355,0.24600000000000002,0.013999999999999999,0,0.066,0,0.005,0,0.038,0,0.027999999999999997
0.263,0.9670940852167355,0.38,0.013999999999999999,0,0.066,0.047,0.005,0,0.038,0,0.027999999999999997
0.35,0.9670940852167355,0.423,0.013999999999999999,0,0.066,0,0.005,0,0.038,0,0.027999999999999997
0.476,0.9670940852167355,0.467,0.013999999999999999,0,0.066,0.047,0.005,0,0.038,0,0.027999999999999997
0.263,0.9670940852167355,0.392,0.013999999999999999,0,0.066,0,0.005,0,0.038,0,0.027999999999999997
0.18999999999999995,0.9670940852167355,0.27899999999999997,0.013999999999999999,0,0.066,0,0.005,0,0.038,0.047,0.027999999999999997
0.381,0.9670940852167355,0.42,0.013999999999999999,0.047,0.066,0,0.005,0,0.038,0.047,0.027999999999999997
0.55,0.9670940852167355,0.526,0.013999999999999999,0,0.066,0,0.005,0,0.038,0,0.027999999999999997
0.364,0.9670940852167355,0.33799999999999997,0.013999999999999999,0,0.066,0,0.005,0,0.038,0.048,0.027999999999999997
0.45499999999999996,0.9670940852167355,0.391,0.013999999999999999,0,0.066,0.043,0.005,0,0.038,0,0.027999999999999997
0.476,0.9670940852167355,0.36,0.013999999999999999,0,0.066,0,0.005,0,0.038,0.09,0.027999999999999997
0.42100000000000004,0.9670940852167355,0.48,0.013999999999999999,0,0.066,0,0.005,0,0.038,0,0.027999999999999997
0.30000000000000004,0.9670940852167355,0.44,0.013999999999999999,0,0.066,0,0.005,0,0.038,0,0.027999999999999997
0.2859999999999999,0.9670940852167355,0.32,0.013999999999999999,0,0.066,0,0.005,0,0.038,0,0.027999999999999997
0.31799999999999995,0.9670940852167355,0.42100000000000004,0.013999999999999999,0,0.066,0,0.005,0,0.038,0,0.027999999999999997
0.5,0.9670940852167355,0.294,0.013999999999999999,0,0.066,0,0.005,0,0.038,0.049,0.027999999999999997
0.40900000000000003,0.9670940852167355,0.392,0.013999999999999999,0,0.066,0,0.005,0,0.038,0.049,0.027999999999999997
0.33299999999999996,0.9670940852167355,0.23199999999999998,0.013999999999999999,0.046,0.066,0,0.005,0,0.038,0,0.027999999999999997
0.571,0.967494547108704,0.13699999999999998,0.013999999999999999,0.092,0.066,0,0.005,0.183,0.038,0,0.027999999999999997
0.95,0.9681127358545585,0.09699999999999999,0.013999999999999999,0.244,0.07400000000000001,0,0.005,0.341,0.039,0,0.027999999999999997
1,0.9690730667993763,0.096,0.013999999999999999,0.14400000000000002,0.066,0,0.005,0.574,0.039,0,0.027999999999999997
1,0.9705232831654375,0.047,0.013999999999999999,0.23300000000000004,0.066,0,0.005,0.5589999999999999,0.039,0,0.027999999999999997
1,0.9699206463377177,0.046,0.013999999999999999,0.092,0.066,0,0.005,0.642,0.038,0,0.027999999999999997
1,0.9701500371302045,0,0.013999999999999999,0.242,0.07400000000000001,0,0.005,0.581,0.038,0.048,0.027999999999999997
1,0.9702666765162148,0.049,0.013999999999999999,0.14700000000000002,0.066,0.049,0.005,0.636,0.038,0,0.027999999999999997
1,0.9685637414804649,0.047,0.013999999999999999,0.237,0.066,0,0.005,0.71,0.038,0,0.027999999999999997
0.727,0.9672223885413467,0.098,0.013999999999999999,0.147,0.066,0,0.005,0.489,0.038,0.049,0.027999999999999997
0.5449999999999999,0.9671543488995074,0.287,0.013999999999999999,0,0.066,0,0.005,0,0.038,0.08199999999999999,0.027999999999999997
0.33299999999999996,0.9671543488995074,0.233,0.013999999999999999,0,0.066,0,0.005,0,0.038,0.09300000000000001,0.027999999999999997
0.19999999999999996,0.9671543488995074,0.245,0.013999999999999999,0,0.066,0,0.005,0,0.038,0.049,0.027999999999999997
0.476,0.9671543488995074,0.369,0.013999999999999999,0,0.066,0,0.005,0,0.038,0,0.027999999999999997
0.30000000000000004,0.9671543488995074,0.42,0.013999999999999999,0,0.066,0,0.005,0,0.038,0,0.027999999999999997
0.524,0.9671543488995074,0.408,0.013999999999999999,0,0.066,0,0.005,0,0.038,0.045,0.027999999999999997
0.391,0.9671543488995074,0.406,0.013999999999999999,0,0.066,0,0.005,0,0.038,0,0.027999999999999997
0.25,0.9671543488995074,0.266,0.013999999999999999,0,0.066,0.044000000000000004,0.005,0,0.038,0,0.027999999999999997
0.476,0.9671543488995074,0.36,0.013999999999999999,0,0.066,0.045,0.005,0,0.038,0,0.027999999999999997
0.2859999999999999,0.9671543488995074,0.278,0.013999999999999999,0,0.066,0,0.005,0,0.038,0.046,0.027999999999999997
0.35,0.9671543488995074,0.371,0.013999999999999999,0,0.066,0,0.005,0,0.038,0,0.027999999999999997
0.30000000000000004,0.9671543488995074,0.293,0.013999999999999999,0,0.066,0,0.005,0,0.038,0,0.027999999999999997
0.33299999999999996,0.9671543488995074,0.374,0.013999999999999999,0,0.066,0,0.005,0,0.038,0,0.027999999999999997
0.33299999999999996,0.9671543488995074,0.44299999999999995,0.013999999999999999,0,0.066,0,0.005,0,0.038,0,0.027999999999999997
0.30000000000000004,0.9671543488995074,0.321,0.013999999999999999,0,0.066,0,0.005,0,0.038,0.046,0.027999999999999997
0.44999999999999996,0.9671543488995074,0.37,0.013999999999999999,0,0.066,0,0.005,0,0.038,0,0.027999999999999997
0.19999999999999996,0.9671543488995074,0.31,0.013999999999999999,0,0.066,0,0.005,0,0.038,0,0.027999999999999997
0.263,0.9671543488995074,0.294,0.013999999999999999,0.049,0.066,0,0.005,0,0.038,0,0.027999999999999997
0.25,0.9671543488995074,0.23199999999999998,0.013999999999999999,0,0.066,0,0.005,0,0.038,0,0.027999999999999997
0.591,0.9671543488995074,0.337,0.013999999999999999,0.14400000000000002,0.066,0,0.005,0,0.038,0,0.027999999999999997
0.619,0.9671543488995074,0.21899999999999997,0.013999999999999999,0.08800000000000001,0.066,0,0.005,0,0.038,0.044000000000000004,0.027999999999999997
0.65,0.9674362274156989,0.098,0.013999999999999999,0.342,0.066,0,0.005,0.049,0.038,0,0.027999999999999997
1,0.9674245634770978,0.098,0.013999999999999999,0.34199999999999997,0.066,0.049,0.005,0.293,0.038,0,0.027999999999999997
1,0.9685812373883664,0,0.013999999999999999,0.295,0.066,0.049,0.005,0.491,0.038,0,0.027999999999999997
1,0.9684723739614235,0.049,0.013999999999999999,0.392,0.066,0,0.005,0.392,0.038,0,0.027999999999999997
1,0.9699381422456193,0.098,0.013999999999999999,0.391,0.066,0,0.005,0.342,0.038,0.049,0.027999999999999997
1,0.9704396916054634,0,0.013999999999999999,0.294,0.066,0.049,0.005,0.539,0.039,0.049,0.027999999999999997
1,0.9700178458260595,0.096,0.013999999999999999,0.191,0.066,0,0.005,0.669,0.039,0,0.027999999999999997
1,0.9693471693565006,0.049,0.013999999999999999,0.14700000000000002,0.066,0,0.005,0.684,0.039,0,0.027999999999999997
1,0.9685559655213974,0.14400000000000002,0.013999999999999999,0.096,0.066,0,0.005,0.67,0.039,0,0.027999999999999997
0.591,0.9689019956998947,0.223,0.013999999999999999,0.134,0.066,0.045,0.005,0.179,0.04,0,0.027999999999999997
0.30000000000000004,0.9689019956998947,0.439,0.013999999999999999,0,0.066,0,0.005,0,0.04,0,0.027999999999999997
0.474,0.9689019956998947,0.375,0.013999999999999999,0.047,0.066,0,0.005,0,0.04,0,0.027999999999999997
0.42100000000000004,0.9689019956998947,0.391,0.013999999999999999,0,0.066,0,0.005,0,0.04,0,0.027999999999999997
0.526,0.9689019956998947,0.39399999999999996,0.013999999999999999,0,0.066,0,0.005,0,0.04,0,0.027999999999999997
0.2859999999999999,0.9689019956998947,0.27899999999999997,0.013999999999999999,0,0.066,0,0.005,0,0.04,0.09300000000000001,0.027999999999999997
0.40900000000000003,0.9689019956998947,0.392,0.013999999999999999,0,0.066,0,0.005,0,0.04,0.049,0.027999999999999997
0.41200000000000003,0.9689019956998947,0.349,0.013999999999999999,0,0.066,0,0.005,0,0.04,0,0.027999999999999997
0.636,0.9689019956998947,0.537,0.013999999999999999,0,0.066,0,0.005,0,0.04,0,0.027999999999999997
0.44999999999999996,0.9689019956998947,0.415,0.013999999999999999,0,0.066,0,0.005,0,0.04,0,0.027999999999999997
0.381,0.9689019956998947,0.392,0.013999999999999999,0,0.066,0,0.005,0,0.04,0.049,0.027999999999999997
0.43500000000000005,0.9689019956998947,0.428,0.013999999999999999,0,0.066,0,0.005,0,0.04,0,0.027999999999999997
0.381,0.9689019956998947,0.29,0.013999999999999999,0,0.066,0,0.005,0,0.04,0,0.027999999999999997
0.44999999999999996,0.9689019956998947,0.37799999999999995,0.013999999999999999,0,0.066,0,0.005,0,0.04,0.047,0.027999999999999997
0.474,0.9689019956998947,0.46799999999999997,0.013999999999999999,0,0.066,0,0.005,0,0.04,0.047,0.027999999999999997
0.42899999999999994,0.9689019956998947,0.33,0.013999999999999999,0,0.066,0,0.005,0,0.04,0,0.027999999999999997
0.391,0.9689019956998947,0.326,0.013999999999999999,0,0.066,0,0.005,0,0.04,0,0.027999999999999997
0.40900000000000003,0.9689253235770967,0.313,0.013999999999999999,0.045,0.066,0,0.005,0,0.04,0,0.027999999999999997
0.42899999999999994,0.9689019956998947,0.22899999999999998,0.013999999999999999,0,0.066,0,0.005,0,0.04,0.092,0.027999999999999997
0.571,0.9693627212746352,0.233,0.013999999999999999,0.047,0.066,0.047,0.005,0.14,0.04,0,0.027999999999999997
0.762,0.9692013701239877,0.096,0.013999999999999999,0.24,0.066,0,0.005,0.43200000000000005,0.04,0,0.027999999999999997
0.81,0.969269409765827,0.09699999999999999,0.013999999999999999,0.09699999999999999,0.066,0.048,0.005,0.483,0.04,0.048,0.027999999999999997
0.955,0.9692655217862933,0.047,0.013999999999999999,0.23300000000000004,0.066,0,0.005,0.56,0.04,0,0.027999999999999997
0.905,0.9693704972337026,0.138,0.013999999999999999,0.276,0.07400000000000001,0,0.005,0.36700000000000005,0.04,0,0.027999999999999997
0.857,0.9692869056737285,0.141,0.013999999999999999,0.14100000000000001,0.066,0.047,0.005,0.424,0.04,0,0.027999999999999997
0.42899999999999994,0.9692869056737285,0.294,0.013999999999999999,0.196,0.066,0,0.005,0,0.04,0,0.027999999999999997
0.4,0.9692869056737285,0.37,0.013999999999999999,0,0.066,0,0.005,0,0.04,0.046,0.027999999999999997
0.45499999999999996,0.9692869056737285,0.389,0.013999999999999999,0.049,0.066,0,0.005,0,0.04,0,0.027999999999999997
0.273,0.9692752417351275,0.401,0.013999999999999999,0,0.066,0,0.005,0,0.04,0,0.027999999999999997
0.381,0.9692752417351275,0.36700000000000005,0.013999999999999999,0,0.066,0,0.005,0,0.04,0.046,0.027999999999999997
0.2859999999999999,0.9692752417351275,0.284,0.013999999999999999,0,0.066,0,0.005,0,0.04,0,0.027999999999999997
0.35,0.9692752417351275,0.244,0.013999999999999999,0.098,0.066,0,0.005,0,0.04,0.049,0.027999999999999997
0.2859999999999999,0.9692752417351275,0.34,0.013999999999999999,0,0.066,0.049,0.005,0,0.04,0,0.027999999999999997
0.19999999999999996,0.9692752417351275,0.298,0.013999999999999999,0,0.066,0,0.005,0,0.04,0,0.027999999999999997
0.30000000000000004,0.9692752417351275,0.244,0.013999999999999999,0,0.066,0,0.005,0,0.04,0.049,0.027999999999999997
0.33299999999999996,0.9692752417351275,0.23,0.013999999999999999,0,0.066,0,0.005,0,0.04,0.092,0.027999999999999997
0.474,0.9692752417351275,0.32799999999999996,0.013999999999999999,0.094,0.066,0.047,0.005,0,0.04,0.047,0.027999999999999997
0.5449999999999999,0.9692752417351275,0.146,0.013999999999999999,0,0.066,0.146,0.005,0,0.04,0.146,0.027999999999999997
0.42899999999999994,0.9692752417351275,0.23199999999999998,0.013999999999999999,0.09300000000000001,0.066,0,0.005,0,0.04,0.09300000000000001,0.027999999999999997
0.30000000000000004,0.9692752417351275,0.324,0.013999999999999999,0.046,0.066,0.046,0.005,0,0.04,0,0.027999999999999997
0.22699999999999998,0.9692752417351275,0.23800000000000002,0.013999999999999999,0,0.066,0,0.005,0,0.04,0,0.027999999999999997
0.31599999999999995,0.9692752417351275,0.314,0.013999999999999999,0,0.066,0,0.005,0,0.04,0,0.027999999999999997
0.44999999999999996,0.9692752417351275,0.392,0.013999999999999999,0,0.066,0,0.005,0,0.04,0.049,0.027999999999999997
0.2859999999999999,0.9692752417351275,0.244,0.013999999999999999,0,0.066,0,0.005,0,0.04,0.049,0.027999999999999997
0.5,0.9692752417351275,0.341,0.013999999999999999,0,0.066,0,0.005,0,0.04,0.049,0.027999999999999997
0.35,0.9692752417351275,0.325,0.013999999999999999,0,0.066,0,0.005,0,0.04,0,0.027999999999999997
0.15000000000000002,0.9692752417351275,0.24600000000000002,0.013999999999999999,0,0.066,0,0.005,0,0.04,0,0.027999999999999997
0.04799999999999993,0.9693141215304643,0.094,0.013999999999999999,0,0.066,0,0.005,0,0.04,0.047,0.027999999999999997
0.773,0.9695882240875884,0.09300000000000001,0.013999999999999999,0.092,0.066,0,0.005,0.41600000000000004,0.04,0,0.027999999999999997
0.571,0.96979623099264,0.09699999999999999,0.013999999999999999,0.146,0.07400000000000001,0,0.005,0.19399999999999998,0.04,0,0.027999999999999997
0.9,0.9700897734474325,0.049,0.013999999999999999,0.197,0.066,0.049,0.005,0.49200000000000005,0.04,0.049,0.027999999999999997
1,0.9702258527311112,0.147,0.013999999999999999,0.294,0.066,0,0.005,0.392,0.04,0,0.027999999999999997
0.909,0.9698409427572773,0.09699999999999999,0.013999999999999999,0.195,0.066,0.049,0.005,0.43700000000000006,0.04,0,0.027999999999999997
0.476,0.9697651271563706,0.139,0.013999999999999999,0.092,0.066,0,0.005,0.185,0.04,0,0.027999999999999997
0.2859999999999999,0.9697651271563706,0.34600000000000003,0.013999999999999999,0,0.066,0,0.005,0,0.04,0,0.027999999999999997
0.368,0.9697651271563706,0.441,0.013999999999999999,0,0.066,0,0.005,0,0.04,0,0.027999999999999997
0.381,0.9697651271563706,0.192,0.013999999999999999,0.096,0.066,0.048,0.005,0,0.04,0.096,0.027999999999999997
0.35,0.9697573511973033,0.33,0.013999999999999999,0,0.066,0,0.005,0,0.04,0.047,0.027999999999999997
0.2859999999999999,0.9697573511973033,0.335,0.013999999999999999,0,0.066,0,0.005,0,0.04,0,0.027999999999999997
0.18200000000000005,0.9697573511973033,0.193,0.013999999999999999,0,0.066,0,0.005,0,0.04,0.048,0.027999999999999997
0.44999999999999996,0.9697573511973033,0.392,0.013999999999999999,0.08800000000000001,0.066,0,0.005,0,0.04,0,0.027999999999999997
0.31799999999999995,0.9697806790745054,0.341,0.013999999999999999,0,0.066,0,0.005,0,0.04,0,0.027999999999999997
0.5,0.9697767910949717,0.37,0.013999999999999999,0,0.066,0,0.005,0,0.04,0,0.027999999999999997
0.526,0.9700975494065,0.245,0.013999999999999999,0.049,0.066,0,0.005,0.147,0.04,0,0.027999999999999997
0.95,0.9700567256213963,0.047,0.013999999999999999,0.14,0.066,0.047,0.005,0.605,0.04,0.047,0.027999999999999997
0.864,0.9709645688425096,0.18600000000000003,0.013999999999999999,0.187,0.066,0,0.005,0.233,0.04,0.047,0.027999999999999997
1,0.9709529049039086,0.094,0.013999999999999999,0.235,0.066,0,0.005,0.517,0.04,0.047,0.027999999999999997
1,0.9727647033666015,0.049,0.013999999999999999,0.34299999999999997,0.066,0.049,0.005,0.295,0.04,0,0.027999999999999997
1,0.9722748179453583,0.09699999999999999,0.013999999999999999,0.146,0.066,0,0.005,0.679,0.04,0,0.027999999999999997
1,0.9711103680750225,0.045,0.013999999999999999,0.135,0.066,0,0.005,0.7190000000000001,0.04,0,0.027999999999999997
1,0.9714680621921207,0.098,0.013999999999999999,0.245,0.07400000000000001,0,0.005,0.54,0.04,0,0.027000000000000003
1,0.9697165274121997,0.049,0.013999999999999999,0.098,0.066,0,0.005,0.637,0.039,0,0.027000000000000003
0.619,0.9688650598943247,0.098,0.013999999999999999,0.196,0.066,0,0.005,0.344,0.039,0,0.027000000000000003
0.524,0.9688650598943247,0.261,0.013999999999999999,0,0.066,0,0.005,0,0.039,0.087,0.027000000000000003
0.30000000000000004,0.9688650598943247,0.295,0.013999999999999999,0,0.066,0.049,0.005,0,0.039,0,0.027000000000000003
0.44999999999999996,0.9688650598943247,0.391,0.013999999999999999,0,0.066,0,0.005,0,0.039,0.049,0.027000000000000003
0.8,0.9688689478738584,0.326,0.013999999999999999,0.187,0.07400000000000001,0,0.005,0,0.039,0.047,0.027000000000000003
0.714,0.968800908232019,0.146,0.013999999999999999,0.244,0.066,0.049,0.005,0,0.039,0,0.027000000000000003
0.33299999999999996,0.968800908232019,0.335,0.013999999999999999,0,0.066,0,0.005,0,0.039,0,0.027000000000000003
0.35,0.968800908232019,0.361,0.013999999999999999,0,0.066,0,0.005,0,0.039,0,0.027000000000000003
0.42899999999999994,0.9687970202524854,0.46799999999999997,0.013999999999999999,0,0.066,0,0.005,0,0.039,0,0.027000000000000003
0.35,0.9687970202524854,0.326,0.013999999999999999,0,0.066,0.047,0.005,0,0.039,0,0.027000000000000003
0.30000000000000004,0.9687970202524854,0.332,0.013999999999999999,0.094,0.066,0,0.005,0,0.039,0.047,0.027000000000000003
0.25,0.9687970202524854,0.34299999999999997,0.013999999999999999,0,0.066,0,0.005,0,0.039,0,0.027000000000000003
0.263,0.9687970202524854,0.37200000000000005,0.013999999999999999,0,0.066,0,0.005,0,0.039,0,0.027000000000000003
0.476,0.9687970202524854,0.488,0.013999999999999999,0,0.066,0,0.005,0,0.039,0,0.027000000000000003
0.263,0.9687970202524854,0.344,0.013999999999999999,0,0.066,0,0.005,0,0.039,0,0.027000000000000003
0.30000000000000004,0.9687970202524854,0.242,0.013999999999999999,0,0.066,0,0.005,0,0.039,0.048,0.027000000000000003
0.2859999999999999,0.9687970202524854,0.361,0.013999999999999999,0,0.066,0,0.005,0,0.039,0,0.027000000000000003
0.25,0.9687970202524854,0.196,0.013999999999999999,0.049,0.066,0,0.005,0,0.039,0,0.027000000000000003
0.381,0.9687970202524854,0.34,0.013999999999999999,0.049,0.066,0,0.005,0,0.039,0.049,0.027000000000000003
0.18200000000000005,0.9687970202524854,0.21899999999999997,0.013999999999999999,0,0.066,0,0.005,0,0.039,0.044000000000000004,0.027000000000000003
0.15799999999999992,0.9687970202524854,0.281,0.013999999999999999,0,0.066,0,0.005,0,0.039,0,0.027000000000000003
0.273,0.9687970202524854,0.312,0.013999999999999999,0,0.066,0,0.005,0,0.039,0,0.027000000000000003
0.30000000000000004,0.9687970202524854,0.34299999999999997,0.013999999999999999,0,0.066,0,0.005,0,0.039,0.049,0.027000000000000003
0.2859999999999999,0.9687970202524854,0.316,0.013999999999999999,0,0.066,0,0.005,0,0.039,0,0.027000000000000003
0.263,0.9688572839352574,0.24600000000000002,0.013999999999999999,0,0.066,0,0.005,0,0.039,0,0.027000000000000003
0.21099999999999997,0.9688572839352574,0.24600000000000002,0.013999999999999999,0,0.066,0,0.005,0,0.039,0,0.027000000000000003
0.33299999999999996,0.9688572839352574,0.381,0.013999999999999999,0,0.066,0,0.005,0,0.039,0.048,0.027000000000000003
0.238,0.9688572839352574,0.223,0.013999999999999999,0,0.066,0,0.005,0,0.039,0.045,0.027000000000000003
0.33299999999999996,0.9688572839352574,0.325,0.013999999999999999,0.046,0.066,0,0.005,0,0.039,0.046,0.027000000000000003
0.75,0.969592112067122,0.245,0.013999999999999999,0.098,0.066,0,0.005,0.098,0.039,0.098,0.027999999999999997
0.905,0.9696193279238579,0.048,0.013999999999999999,0.096,0.066,0,0.005,0.625,0.039,0,0.027999999999999997
1,0.9696834795861634,0.049,0.013999999999999999,0.245,0.066,0.049,0.005,0.5379999999999999,0.039,0.049,0.027999999999999997
1,0.9702900043934168,0.048,0.013999999999999999,0.24000000000000002,0.066,0,0.005,0.479,0.039,0,0.027999999999999997
1,0.9709451289448412,0.047,0.013999999999999999,0.187,0.07400000000000001,0,0.005,0.56,0.039,0,0.027999999999999997
1,0.9710617683308516,0,0.013999999999999999,0.188,0.066,0,0.005,0.7020000000000001,0.039,0.047,0.027999999999999997
1,0.9702025248539091,0.045,0.013999999999999999,0.18,0.066,0,0.005,0.584,0.039,0,0.027999999999999997
1,0.96983316679821,0.047,0.013999999999999999,0.189,0.066,0,0.005,0.6609999999999999,0.039,0.047,0.027999999999999997
0.4,0.9693996570802051,0.19699999999999998,0.013999999999999999,0.14700000000000002,0.066,0.049,0.005,0.049,0.039,0.049,0.027999999999999997
0.273,0.9693996570802051,0.271,0.013999999999999999,0.045,0.066,0,0.005,0,0.039,0.045,0.027999999999999997
0.6,0.9694638087425108,0.23399999999999999,0.013999999999999999,0.094,0.066,0,0.005,0.187,0.039,0,0.027999999999999997
0.2859999999999999,0.9694638087425108,0.324,0.013999999999999999,0,0.066,0,0.005,0,0.039,0,0.027999999999999997
0.31599999999999995,0.9694638087425108,0.33899999999999997,0.013999999999999999,0,0.066,0,0.005,0,0.039,0,0.027999999999999997
0.35,0.9694599207629772,0.28300000000000003,0.013999999999999999,0,0.066,0,0.005,0,0.039,0,0.027999999999999997
0.5,0.9694599207629772,0.32299999999999995,0.013999999999999999,0,0.066,0,0.005,0,0.039,0.046,0.027999999999999997
0.524,0.9695240724252827,0.196,0.013999999999999999,0.196,0.066,0,0.005,0.196,0.039,0,0.027999999999999997
0.238,0.9695240724252827,0.27899999999999997,0.013999999999999999,0.046,0.066,0,0.005,0,0.039,0.046,0.027999999999999997
0.22699999999999998,0.9695201844457491,0.185,0.013999999999999999,0,0.066,0,0.005,0,0.039,0,0.027999999999999997
0.368,0.9695201844457491,0.423,0.013999999999999999,0,0.066,0,0.005,0,0.039,0,0.027999999999999997
0.636,0.9695843361080547,0.244,0.013999999999999999,0.098,0.066,0,0.005,0.244,0.039,0,0.027999999999999997
0.33299999999999996,0.9695843361080547,0.348,0.013999999999999999,0,0.066,0,0.005,0,0.039,0.044000000000000004,0.027999999999999997
0.368,0.9695843361080547,0.391,0.013999999999999999,0,0.066,0,0.005,0,0.039,0,0.027999999999999997
0.391,0.9695804481285211,0.28800000000000003,0.013999999999999999,0.048,0.066,0,0.005,0,0.039,0,0.027999999999999997
0.25,0.9695804481285211,0.34,0.013999999999999999,0,0.066,0,0.005,0,0.039,0,0.027999999999999997
0.2859999999999999,0.9695804481285211,0.294,0.013999999999999999,0,0.066,0,0.005,0,0.039,0.049,0.027999999999999997
0.364,0.9695804481285211,0.18600000000000003,0.013999999999999999,0,0.066,0,0.005,0,0.039,0.09300000000000001,0.027999999999999997
0.31599999999999995,0.9695804481285211,0.21899999999999997,0.013999999999999999,0,0.066,0,0.005,0,0.039,0.044000000000000004,0.027999999999999997
0.238,0.9695804481285211,0.196,0.013999999999999999,0,0.066,0.049,0.005,0,0.039,0,0.027999999999999997
0.364,0.9695804481285211,0.304,0.013999999999999999,0,0.066,0,0.005,0,0.039,0.043,0.027999999999999997
0.18999999999999995,0.9695804481285211,0.341,0.013999999999999999,0,0.066,0.049,0.005,0,0.039,0.049,0.027999999999999997
0.238,0.9695804481285211,0.239,0.013999999999999999,0,0.066,0,0.005,0,0.039,0,0.027999999999999997
0.35,0.9695804481285211,0.317,0.013999999999999999,0,0.066,0,0.005,0,0.039,0,0.027999999999999997
0.25,0.9695804481285211,0.295,0.013999999999999999,0,0.066,0,0.005,0,0.039,0.049,0.027999999999999997
0.22699999999999998,0.9695804481285211,0.23199999999999998,0.013999999999999999,0,0.066,0,0.005,0,0.039,0,0.027999999999999997
0.35,0.9695804481285211,0.295,0.013999999999999999,0,0.066,0,0.005,0,0.039,0,0.027999999999999997
0.476,0.9695804481285211,0.43700000000000006,0.013999999999999999,0,0.066,0,0.005,0,0.039,0,0.027999999999999997
0.42899999999999994,0.9695804481285211,0.265,0.013999999999999999,0.044000000000000004,0.066,0,0.005,0,0.039,0.044000000000000004,0.027999999999999997
0.368,0.9695804481285211,0.342,0.013999999999999999,0,0.066,0,0.005,0,0.039,0.049,0.027999999999999997
0.31799999999999995,0.9695804481285211,0.33899999999999997,0.013999999999999999,0,0.066,0.048,0.005,0,0.039,0,0.027999999999999997
0.381,0.9695804481285211,0.318,0.013999999999999999,0,0.066,0.045,0.005,0,0.039,0,0.027999999999999997
0.238,0.9695804481285211,0.32799999999999996,0.013999999999999999,0,0.066,0,0.005,0,0.039,0,0.027999999999999997
0.31799999999999995,0.9695804481285211,0.322,0.013999999999999999,0.046,0.066,0,0.005,0,0.039,0.092,0.027999999999999997
0.21099999999999997,0.9695804481285211,0.27899999999999997,0.013999999999999999,0,0.066,0,0.005,0,0.039,0,0.027999999999999997
0.2859999999999999,0.9695804481285211,0.321,0.013999999999999999,0,0.066,0,0.005,0,0.039,0,0.027999999999999997
0.35,0.9695804481285211,0.326,0.013999999999999999,0,0.066,0,0.005,0,0.039,0,0.027999999999999997
0.235,0.9695804481285211,0.389,0.013999999999999999,0,0.066,0,0.005,0,0.039,0,0.027999999999999997
0.381,0.9695804481285211,0.39299999999999996,0.013999999999999999,0,0.066,0,0.005,0,0.039,0,0.027999999999999997
0.238,0.9695804481285211,0.18899999999999997,0.013999999999999999,0,0.066,0,0.005,0,0.039,0.142,0.027999999999999997
0.09999999999999998,0.9696037760057231,0.136,0.013999999999999999,0.045,0.066,0,0.005,0,0.039,0.045,0.027999999999999997
0.714,0.969893430480982,0.147,0.013999999999999999,0.196,0.066,0.049,0.005,0.441,0.039,0,0.027999999999999997
1,0.9710617683308516,0.046,0.013999999999999999,0.23,0.066,0,0.005,0.45899999999999996,0.039,0,0.027999999999999997
1,0.9713747506833124,0.049,0.013999999999999999,0.245,0.066,0,0.005,0.491,0.039,0,0.027999999999999997
1,0.972531424594581,0.09699999999999999,0.013999999999999999,0.098,0.066,0.049,0.005,0.633,0.04,0,0.027999999999999997
1,0.9728735667935444,0.049,0.013999999999999999,0.196,0.066,0,0.005,0.54,0.04,0.049,0.027999999999999997
1,0.972327305669063,0,0.013999999999999999,0.14700000000000002,0.066,0,0.005,0.7829999999999999,0.039,0,0.027999999999999997
1,0.9720182112961357,0.049,0.013999999999999999,0.14700000000000002,0.066,0,0.005,0.635,0.039,0.049,0.027999999999999997
1,0.9709820647504112,0.049,0.013999999999999999,0.14700000000000002,0.066,0,0.005,0.6859999999999999,0.039,0.049,0.027999999999999997
0.75,0.9701305972325361,0.145,0.013999999999999999,0.096,0.066,0,0.005,0.434,0.039,0,0.027999999999999997
0.42899999999999994,0.9701305972325361,0.389,0.013999999999999999,0.098,0.066,0,0.005,0,0.039,0,0.027999999999999997
0.35,0.9701305972325361,0.344,0.013999999999999999,0.098,0.066,0,0.005,0,0.039,0,0.027999999999999997
0.5,0.9701228212734688,0.415,0.013999999999999999,0.046,0.066,0.046,0.005,0,0.039,0,0.027999999999999997
0.35,0.9701228212734688,0.39399999999999996,0.013999999999999999,0,0.066,0,0.005,0,0.039,0.049,0.027999999999999997
0.22699999999999998,0.9701228212734688,0.308,0.013999999999999999,0,0.066,0,0.005,0,0.039,0,0.027999999999999997
0.15000000000000002,0.9701228212734688,0.245,0.013999999999999999,0,0.066,0,0.005,0,0.039,0,0.027999999999999997
0.30000000000000004,0.9701228212734688,0.284,0.013999999999999999,0,0.066,0,0.005,0,0.039,0.047,0.027999999999999997
0.44999999999999996,0.9701228212734688,0.375,0.013999999999999999,0,0.066,0,0.005,0,0.039,0,0.027999999999999997
0.19999999999999996,0.9701228212734688,0.379,0.013999999999999999,0,0.066,0.047,0.005,0,0.039,0,0.027999999999999997
0.44999999999999996,0.9701228212734688,0.38799999999999996,0.013999999999999999,0.048,0.066,0,0.005,0,0.039,0.048,0.027999999999999997
0.5449999999999999,0.9701228212734688,0.495,0.013999999999999999,0,0.066,0,0.005,0,0.039,0,0.027999999999999997
0.619,0.9701228212734688,0.435,0.013999999999999999,0,0.066,0,0.005,0,0.039,0,0.027999999999999997
0.526,0.9701228212734688,0.409,0.013999999999999999,0,0.066,0,0.005,0,0.039,0.045,0.027999999999999997
0.33299999999999996,0.9701228212734688,0.32799999999999996,0.013999999999999999,0,0.066,0,0.005,0,0.039,0,0.027999999999999997
0.381,0.9701228212734688,0.39,0.013999999999999999,0,0.066,0,0.005,0,0.039,0,0.027999999999999997
0.4,0.9701228212734688,0.442,0.013999999999999999,0,0.066,0,0.005,0,0.039,0,0.027999999999999997
0.364,0.9701228212734688,0.368,0.013999999999999999,0,0.066,0,0.005,0,0.039,0,0.027999999999999997
0.44999999999999996,0.9701228212734688,0.39399999999999996,0.013999999999999999,0,0.066,0,0.005,0,0.039,0,0.027999999999999997
0.42899999999999994,0.9701228212734688,0.41,0.013999999999999999,0.046,0.066,0,0.005,0,0.039,0,0.027999999999999997
0.65,0.9701228212734688,0.41700000000000004,0.013999999999999999,0.09300000000000001,0.066,0,0.005,0,0.039,0,0.027999999999999997
0.33299999999999996,0.9700722775395311,0.233,0.013999999999999999,0.14,0.066,0,0.005,0,0.039,0,0.027999999999999997
0.522,0.9699809100204897,0.344,0.013999999999999999,0.14700000000000002,0.066,0.049,0.005,0,0.039,0,0.027999999999999997
0.619,0.9698059509414743,0.129,0.013999999999999999,0.129,0.066,0,0.005,0,0.039,0,0.027999999999999997
