StartTime;LastResetTime;CurrentTime;ElapsedTime(P);ElapsedTime(C);TargetRate;CallRate(P);CallRate(C);IncomingCall(P);IncomingCall(C);OutgoingCall(P);OutgoingCall(C);TotalCallCreated;CurrentCall;SuccessfulCall(P);SuccessfulCall(C);FailedCall(P);FailedCall(C);FailedCannotSendMessage(P);FailedCannotSendMessage(C);FailedMaxUDPRetrans(P);FailedMaxUDPRetrans(C);FailedTcpConnect(P);FailedTcpConnect(C);FailedTcpClosed(P);FailedTcpClosed(C);FailedUnexpectedMessage(P);FailedUnexpectedMessage(C);FailedCallRejected(P);FailedCallRejected(C);FailedCmdNotSent(P);FailedCmdNotSent(C);FailedRegexpDoesntMatch(P);FailedRegexpDoesntMatch(C);FailedRegexpShouldntMatch(P);FailedRegexpShouldntMatch(C);FailedRegexpHdrNotFound(P);FailedRegexpHdrNotFound(C);FailedOutboundCongestion(P);FailedOutboundCongestion(C);FailedTimeoutOnRecv(P);FailedTimeoutOnRecv(C);FailedTimeoutOnSend(P);FailedTimeoutOnSend(C);OutOfCallMsgs(P);OutOfCallMsgs(C);DeadCallMsgs(P);DeadCallMsgs(C);Retransmissions(P);Retransmissions(C);AutoAnswered(P);AutoAnswered(C);Warnings(P);Warnings(C);FatalErrors(P);FatalErrors(C);WatchdogMajor(P);WatchdogMajor(C);WatchdogMinor(P);WatchdogMinor(C);ResponseTime1(P);ResponseTime1(C);ResponseTime1StDev(P);ResponseTime1StDev(C);CallLength(P);CallLength(C);CallLengthStDev(P);CallLengthStDev(C);ResponseTimeRepartition1;ResponseTimeRepartition1_<10;ResponseTimeRepartition1_<20;ResponseTimeRepartition1_<30;ResponseTimeRepartition1_<40;ResponseTimeRepartition1_<50;ResponseTimeRepartition1_<100;ResponseTimeRepartition1_<150;ResponseTimeRepartition1_<200;ResponseTimeRepartition1_>=200;CallLengthRepartition;CallLengthRepartition_<10;CallLengthRepartition_<50;CallLengthRepartition_<100;CallLengthRepartition_<500;CallLengthRepartition_<1000;CallLengthRepartition_<5000;CallLengthRepartition_<10000;CallLengthRepartition_>=10000;
2014-04-06	14:33:51.168554	1396787631.168554;2014-04-06	14:33:51.168554	1396787631.168554;2014-04-06	14:33:51.188176	1396787631.188176;00:00:00;00:00:00;10;0;0;0;0;0;0;0;0;0;0;0;0;0;0;0;0;0;0;0;0;0;0;0;0;0;0;0;0;0;0;0;0;0;0;0;0;0;0;0;0;0;0;0;0;0;0;0;0;0;0;0;0;0;0;00:00:00:000000;00:00:00:000000;00:00:00:000000;00:00:00:000000;00:00:00:000000;00:00:00:000000;00:00:00:000000;00:00:00:000000;;0;0;0;0;0;0;0;0;0;;0;0;0;0;0;0;0;0;
2014-04-06	14:33:51.168554	1396787631.168554;2014-04-06	14:33:51.188397	1396787631.188397;2014-04-06	14:33:51.393483	1396787631.393483;00:00:00;00:00:00;10;4.87805;4.46429;0;0;1;1;1;1;0;0;0;0;0;0;0;0;0;0;0;0;0;0;0;0;0;0;0;0;0;0;0;0;0;0;0;0;0;0;0;0;0;0;0;0;0;0;0;0;0;0;0;0;0;0;00:00:00:001000;00:00:00:001000;00:00:00:000000;00:00:00:000000;00:00:00:000000;00:00:00:000000;00:00:00:000000;00:00:00:000000;;1;0;0;0;0;0;0;0;0;;0;0;0;0;0;0;0;0;
2014-04-06	14:33:51.168554	1396787631.168554;2014-04-06	14:33:51.393805	1396787631.393805;2014-04-06	14:33:51.594293	1396787631.594293;00:00:00;00:00:00;10;15;9.41177;0;0;3;4;4;4;0;0;0;0;0;0;0;0;0;0;0;0;0;0;0;0;0;0;0;0;0;0;0;0;0;0;0;0;0;0;0;0;0;0;0;0;0;0;0;0;0;0;0;0;0;0;00:00:00:019000;00:00:00:013000;00:00:00:017000;00:00:00:016000;00:00:00:000000;00:00:00:000000;00:00:00:000000;00:00:00:000000;;2;0;0;1;0;0;0;0;0;;0;0;0;0;0;0;0;0;
2014-04-06	14:33:51.168554	1396787631.168554;2014-04-06	14:33:51.594903	1396787631.594903;2014-04-06	14:33:51.795602	1396787631.795602;00:00:00;00:00:00;10;10;9.56938;0;0;2;6;6;6;0;0;0;0;0;0;0;0;0;0;0;0;0;0;0;0;0;0;0;0;0;0;0;0;0;0;0;0;0;0;0;0;0;0;0;0;0;0;0;0;0;0;0;0;0;0;00:00:00:007000;00:00:00:011000;00:00:00:006000;00:00:00:012000;00:00:00:000000;00:00:00:000000;00:00:00:000000;00:00:00:000000;;3;1;0;1;0;0;0;0;0;;0;0;0;0;0;0;0;0;
2014-04-06	14:33:51.168554	1396787631.168554;2014-04-06	14:33:51.796587	1396787631.796587;2014-04-06	14:33:52.011174	1396787632.011174;00:00:00;00:00:00;10;9.34579;9.50119;0;0;2;8;8;8;0;0;0;0;0;0;0;0;0;0;0;0;0;0;0;0;0;0;0;0;0;0;0;0;0;0;0;0;0;0;0;0;0;0;0;0;0;0;0;0;0;0;0;0;0;0;00:00:00:011000;00:00:00:011000;00:00:00:000000;00:00:00:010000;00:00:00:000000;00:00:00:000000;00:00:00:000000;00:00:00:000000;;3;3;0;1;0;0;0;0;0;;0;0;0;0;0;0;0;0;
2014-04-06	14:33:51.168554	1396787631.168554;2014-04-06	14:33:52.011252	1396787632.011252;2014-04-06	14:33:52.220735	1396787632.220735;00:00:00;00:00:01;10;9.56938;9.5057;0;0;2;10;10;10;0;0;0;0;0;0;0;0;0;0;0;0;0;0;0;0;0;0;0;0;0;0;0;0;0;0;0;0;0;0;0;0;0;0;0;0;0;0;0;0;0;0;0;0;0;0;00:00:00:013000;00:00:00:011000;00:00:00:004000;00:00:00:009000;00:00:00:000000;00:00:00:000000;00:00:00:000000;00:00:00:000000;;3;5;0;1;0;0;0;0;0;;0;0;0;0;0;0;0;0;
2014-04-06	14:33:51.168554	1396787631.168554;2014-04-06	14:33:52.220847	1396787632.220847;2014-04-06	14:33:52.426588	1396787632.426588;00:00:00;00:00:01;10;9.7561;9.53895;0;0;2;12;12;12;0;0;0;0;0;0;0;0;0;0;0;0;0;0;0;0;0;0;0;0;0;0;0;0;0;0;0;0;0;0;0;0;0;0;0;0;0;0;0;0;0;0;0;0;0;0;00:00:00:017000;00:00:00:013000;00:00:00:008000;00:00:00:008000;00:00:00:000000;00:00:00:000000;00:00:00:000000;00:00:00:000000;;3;7;1;1;0;0;0;0;0;;0;0;0;0;0;0;0;0;
2014-04-06	14:33:51.168554	1396787631.168554;2014-04-06	14:33:52.426669	1396787632.426669;2014-04-06	14:33:52.633282	1396787632.633282;00:00:00;00:00:01;10;9.70874;9.56284;0;0;2;14;14;14;0;0;0;0;0;0;0;0;0;0;0;0;0;0;0;0;0;0;0;0;0;0;0;0;0;0;0;0;0;0;0;0;0;0;0;0;0;0;0;0;0;0;0;0;0;0;00:00:00:011000;00:00:00:012000;00:00:00:001000;00:00:00:008000;00:00:00:000000;00:00:00:000000;00:00:00:000000;00:00:00:000000;;3;9;1;1;0;0;0;0;0;;0;0;0;0;0;0;0;0;
2014-04-06	14:33:51.168554	1396787631.168554;2014-04-06	14:33:52.633367	1396787632.633367;2014-04-06	14:33:52.843816	1396787632.843816;00:00:00;00:00:01;10;9.52381;9.55224;0;0;2;16;16;16;0;0;0;0;0;0;0;0;0;0;0;0;0;0;0;0;0;0;0;0;0;0;0;0;0;0;0;0;0;0;0;0;0;0;0;0;0;0;0;0;0;0;0;0;0;0;00:00:00:012000;00:00:00:012000;00:00:00:001000;00:00:00:007000;00:00:00:000000;00:00:00:000000;00:00:00:000000;00:00:00:000000;;3;11;1;1;0;0;0;0;0;;0;0;0;0;0;0;0;0;
2014-04-06	14:33:51.168554	1396787631.168554;2014-04-06	14:33:52.843970	1396787632.843970;2014-04-06	14:33:53.046839	1396787633.046839;00:00:00;00:00:01;10;9.90099;9.58466;0;0;2;18;18;18;0;0;0;0;0;0;0;0;0;0;0;0;0;0;0;0;0;0;0;0;0;0;0;0;0;0;0;0;0;0;0;0;0;0;0;0;0;0;0;0;0;0;0;0;0;0;00:00:00:018000;00:00:00:013000;00:00:00:000000;00:00:00:007000;00:00:00:000000;00:00:00:000000;00:00:00:000000;00:00:00:000000;;3;13;1;1;0;0;0;0;0;;0;0;0;0;0;0;0;0;
2014-04-06	14:33:51.168554	1396787631.168554;2014-04-06	14:33:53.046931	1396787633.046931;2014-04-06	14:33:53.253288	1396787633.253288;00:00:00;00:00:02;10;9.70874;9.59693;0;0;2;20;20;20;0;0;0;0;0;0;0;0;0;0;0;0;0;0;0;0;0;0;0;0;0;0;0;0;0;0;0;0;0;0;0;0;0;0;0;0;0;0;0;0;0;0;0;0;0;0;00:00:00:012000;00:00:00:013000;00:00:00:001000;00:00:00:007000;00:00:00:000000;00:00:00:000000;00:00:00:000000;00:00:00:000000;;3;15;1;1;0;0;0;0;0;;0;0;0;0;0;0;0;0;
2014-04-06	14:33:51.168554	1396787631.168554;2014-04-06	14:33:53.253388	1396787633.253388;2014-04-06	14:33:53.463833	1396787633.463833;00:00:00;00:00:02;10;9.52381;9.58606;0;0;2;22;22;22;0;0;0;0;0;0;0;0;0;0;0;0;0;0;0;0;0;0;0;0;0;0;0;0;0;0;0;0;0;0;0;0;0;0;0;0;0;0;0;0;0;0;0;0;0;0;00:00:00:012000;00:00:00:013000;00:00:00:002000;00:00:00:006000;00:00:00:000000;00:00:00:000000;00:00:00:000000;00:00:00:000000;;3;17;1;1;0;0;0;0;0;;0;0;0;0;0;0;0;0;
2014-04-06	14:33:51.168554	1396787631.168554;2014-04-06	14:33:53.464003	1396787633.464003;2014-04-06	14:33:53.676517	1396787633.676517;00:00:00;00:00:02;10;9.43396;9.5732;0;0;2;24;24;24;0;0;0;0;0;0;0;0;0;0;0;0;0;0;0;0;0;0;0;0;0;0;0;0;0;0;0;0;0;0;0;0;0;0;0;0;0;0;0;0;0;0;0;0;0;0;00:00:00:013000;00:00:00:013000;00:00:00:000000;00:00:00:006000;00:00:00:000000;00:00:00:000000;00:00:00:000000;00:00:00:000000;;3;19;1;1;0;0;0;0;0;;0;0;0;0;0;0;0;0;
2014-04-06	14:33:51.168554	1396787631.168554;2014-04-06	14:33:53.676603	1396787633.676603;2014-04-06	14:33:53.877369	1396787633.877369;00:00:00;00:00:02;10;10;9.60118;0;0;2;26;26;26;0;0;0;0;0;0;0;0;0;0;0;0;0;0;0;0;0;0;0;0;0;0;0;0;0;0;0;0;0;0;0;0;0;0;0;0;0;0;0;0;0;0;0;0;0;0;00:00:00:012000;00:00:00:013000;00:00:00:000000;00:00:00:006000;00:00:00:000000;00:00:00:000000;00:00:00:000000;00:00:00:000000;;3;21;1;1;0;0;0;0;0;;0;0;0;0;0;0;0;0;
2014-04-06	14:33:51.168554	1396787631.168554;2014-04-06	14:33:53.877470	1396787633.877470;2014-04-06	14:33:54.083311	1396787634.083311;00:00:00;00:00:02;10;9.7561;9.60879;0;0;2;28;28;28;0;0;0;0;0;0;0;0;0;0;0;0;0;0;0;0;0;0;0;0;0;0;0;0;0;0;0;0;0;0;0;0;0;0;0;0;0;0;0;0;0;0;0;0;0;0;00:00:00:018000;00:00:00:013000;00:00:00:007000;00:00:00:006000;00:00:00:000000;00:00:00:000000;00:00:00:000000;00:00:00:000000;;3;22;2;1;0;0;0;0;0;;0;0;0;0;0;0;0;0;
2014-04-06	14:33:51.168554	1396787631.168554;2014-04-06	14:33:54.083413	1396787634.083413;2014-04-06	14:33:54.293329	1396787634.293329;00:00:00;00:00:03;10;9.56938;9.60307;0;0;2;30;30;30;0;0;0;0;0;0;0;0;0;0;0;0;0;0;0;0;0;0;0;0;0;0;0;0;0;0;0;0;0;0;0;0;0;0;0;0;0;0;0;0;0;0;0;0;0;0;00:00:00:011000;00:00:00:013000;00:00:00:000000;00:00:00:006000;00:00:00:000000;00:00:00:000000;00:00:00:000000;00:00:00:000000;;3;24;2;1;0;0;0;0;0;;0;0;0;0;0;0;0;0;
2014-04-06	14:33:51.168554	1396787631.168554;2014-04-06	14:33:54.293409	1396787634.293409;2014-04-06	14:33:54.504295	1396787634.504295;00:00:00;00:00:03;10;14.2857;9.89505;0;0;3;33;33;33;0;0;0;0;0;0;0;0;0;0;0;0;0;0;0;0;0;0;0;0;0;0;0;0;0;0;0;0;0;0;0;0;0;0;0;0;0;0;0;0;0;0;0;0;0;0;00:00:00:015000;00:00:00:013000;00:00:00:002000;00:00:00:005000;00:00:00:000000;00:00:00:000000;00:00:00:000000;00:00:00:000000;;3;26;2;1;0;0;0;0;0;;0;0;0;0;0;0;0;0;
2014-04-06	14:33:51.168554	1396787631.168554;2014-04-06	14:33:54.524455	1396787634.524455;2014-04-06	14:33:54.723025	1396787634.723025;00:00:00;00:00:03;10;10.101;9.84806;0;0;2;35;35;35;0;0;0;0;0;0;0;0;0;0;0;0;0;0;0;0;0;0;0;0;0;0;0;0;0;0;0;0;0;0;0;0;0;0;0;0;0;0;0;0;0;0;0;0;0;0;00:00:00:022000;00:00:00:013000;00:00:00:012000;00:00:00:006000;00:00:00:000000;00:00:00:000000;00:00:00:000000;00:00:00:000000;;3;27;2;2;0;0;0;0;0;;0;0;0;0;0;0;0;0;
2014-04-06	14:33:51.168554	1396787631.168554;2014-04-06	14:33:54.723096	1396787634.723096;2014-04-06	14:33:54.933421	1396787634.933421;00:00:00;00:00:03;10;9.52381;9.82997;0;0;2;37;37;37;0;0;0;0;0;0;0;0;0;0;0;0;0;0;0;0;0;0;0;0;0;0;0;0;0;0;0;0;0;0;0;0;0;0;0;0;0;0;0;0;0;0;0;0;0;0;00:00:00:015000;00:00:00:014000;00:00:00:011000;00:00:00:006000;00:00:00:000000;00:00:00:000000;00:00:00:000000;00:00:00:000000;;5;27;3;2;0;0;0;0;0;;0;0;0;0;0;0;0;0;
2014-04-06	14:33:51.168554	1396787631.168554;2014-04-06	14:33:54.933509	1396787634.933509;2014-04-06	14:33:55.143300	1396787635.143300;00:00:00;00:00:03;10;9.56938;9.81379;0;0;2;39;39;39;0;0;0;0;0;0;0;0;0;0;0;0;0;0;0;0;0;0;0;0;0;0;0;0;0;0;0;0;0;0;0;0;0;0;0;0;0;0;0;0;0;0;0;0;0;0;00:00:00:012000;00:00:00:013000;00:00:00:002000;00:00:00:006000;00:00:00:000000;00:00:00:000000;00:00:00:000000;00:00:00:000000;;5;29;3;2;0;0;0;0;0;;0;0;0;0;0;0;0;0;
2014-04-06	14:33:51.168554	1396787631.168554;2014-04-06	14:33:55.143387	1396787635.143387;2014-04-06	14:33:55.353311	1396787635.353311;00:00:00;00:00:04;10;4.78469;9.56023;0;0;1;40;40;40;0;0;0;0;0;0;0;0;0;0;0;0;0;0;0;0;0;0;0;0;0;0;0;0;0;0;0;0;0;0;0;0;0;0;0;0;0;0;0;0;0;0;0;0;0;0;00:00:00:017000;00:00:00:014000;00:00:00:000000;00:00:00:006000;00:00:00:000000;00:00:00:000000;00:00:00:000000;00:00:00:000000;;5;30;3;2;0;0;0;0;0;;0;0;0;0;0;0;0;0;
2014-04-06	14:33:51.168554	1396787631.168554;2014-04-06	14:33:55.353475	1396787635.353475;2014-04-06	14:33:55.563967	1396787635.563967;00:00:00;00:00:04;10;0;9.10125;0;0;0;40;40;40;0;0;0;0;0;0;0;0;0;0;0;0;0;0;0;0;0;0;0;0;0;0;0;0;0;0;0;0;0;0;0;0;0;0;0;0;0;0;0;0;0;0;0;0;0;0;00:00:00:000000;00:00:00:014000;00:00:00:000000;00:00:00:006000;00:00:00:000000;00:00:00:000000;00:00:00:000000;00:00:00:000000;;5;30;3;2;0;0;0;0;0;;0;0;0;0;0;0;0;0;
2014-04-06	14:33:51.168554	1396787631.168554;2014-04-06	14:33:55.564105	1396787635.564105;2014-04-06	14:33:55.773310	1396787635.773310;00:00:00;00:00:04;10;0;8.6881;0;0;0;40;40;40;0;0;0;0;0;0;0;0;0;0;0;0;0;0;0;0;0;0;0;0;0;0;0;0;0;0;0;0;0;0;0;0;0;0;0;0;0;0;0;0;0;0;0;0;0;0;00:00:00:000000;00:00:00:014000;00:00:00:000000;00:00:00:006000;00:00:00:000000;00:00:00:000000;00:00:00:000000;00:00:00:000000;;5;30;3;2;0;0;0;0;0;;0;0;0;0;0;0;0;0;
2014-04-06	14:33:51.168554	1396787631.168554;2014-04-06	14:33:55.773393	1396787635.773393;2014-04-06	14:33:55.983301	1396787635.983301;00:00:00;00:00:04;10;0;8.3091;0;0;0;40;40;40;0;0;0;0;0;0;0;0;0;0;0;0;0;0;0;0;0;0;0;0;0;0;0;0;0;0;0;0;0;0;0;0;0;0;0;0;0;0;0;0;0;0;0;0;0;0;00:00:00:000000;00:00:00:014000;00:00:00:000000;00:00:00:006000;00:00:00:000000;00:00:00:000000;00:00:00:000000;00:00:00:000000;;5;30;3;2;0;0;0;0;0;;0;0;0;0;0;0;0;0;
2014-04-06	14:33:51.168554	1396787631.168554;2014-04-06	14:33:55.983416	1396787635.983416;2014-04-06	14:33:56.193284	1396787636.193284;00:00:00;00:00:05;10;0;7.96178;0;0;0;40;40;40;0;0;0;0;0;0;0;0;0;0;0;0;0;0;0;0;0;0;0;0;0;0;0;0;0;0;0;0;0;0;0;0;0;0;0;0;0;0;0;0;0;0;0;0;0;0;00:00:00:000000;00:00:00:014000;00:00:00:000000;00:00:00:006000;00:00:00:000000;00:00:00:000000;00:00:00:000000;00:00:00:000000;;5;30;3;2;0;0;0;0;0;;0;0;0;0;0;0;0;0;
2014-04-06	14:33:51.168554	1396787631.168554;2014-04-06	14:33:56.193371	1396787636.193371;2014-04-06	14:33:56.406499	1396787636.406499;00:00:00;00:00:05;10;0;7.63796;0;0;0;40;40;40;0;0;0;0;0;0;0;0;0;0;0;0;0;0;0;0;0;0;0;0;0;0;0;0;0;0;0;0;0;0;0;0;0;0;0;0;0;0;0;0;0;0;0;0;0;0;00:00:00:000000;00:00:00:014000;00:00:00:000000;00:00:00:006000;00:00:00:000000;00:00:00:000000;00:00:00:000000;00:00:00:000000;;5;30;3;2;0;0;0;0;0;;0;0;0;0;0;0;0;0;
2014-04-06	14:33:51.168554	1396787631.168554;2014-04-06	14:33:56.406587	1396787636.406587;2014-04-06	14:33:56.613420	1396787636.613420;00:00:00;00:00:05;10;0;7.34754;0;0;0;40;40;40;0;0;0;0;0;0;0;0;0;0;0;0;0;0;0;0;0;0;0;0;0;0;0;0;0;0;0;0;0;0;0;0;0;0;0;0;0;0;0;0;0;0;0;0;0;0;00:00:00:000000;00:00:00:014000;00:00:00:000000;00:00:00:006000;00:00:00:000000;00:00:00:000000;00:00:00:000000;00:00:00:000000;;5;30;3;2;0;0;0;0;0;;0;0;0;0;0;0;0;0;
2014-04-06	14:33:51.168554	1396787631.168554;2014-04-06	14:33:56.613516	1396787636.613516;2014-04-06	14:33:56.824057	1396787636.824057;00:00:00;00:00:05;10;0;7.07339;0;0;0;40;40;40;0;0;0;0;0;0;0;0;0;0;0;0;0;0;0;0;0;0;0;0;0;0;0;0;0;0;0;0;0;0;0;0;0;0;0;0;0;0;0;0;0;0;0;0;0;0;00:00:00:000000;00:00:00:014000;00:00:00:000000;00:00:00:006000;00:00:00:000000;00:00:00:000000;00:00:00:000000;00:00:00:000000;;5;30;3;2;0;0;0;0;0;;0;0;0;0;0;0;0;0;
2014-04-06	14:33:51.168554	1396787631.168554;2014-04-06	14:33:56.824134	1396787636.824134;2014-04-06	14:33:57.033948	1396787637.033948;00:00:00;00:00:05;10;0;6.82012;0;0;0;40;40;40;0;0;0;0;0;0;0;0;0;0;0;0;0;0;0;0;0;0;0;0;0;0;0;0;0;0;0;0;0;0;0;0;0;0;0;0;0;0;0;0;0;0;0;0;0;0;00:00:00:000000;00:00:00:014000;00:00:00:000000;00:00:00:006000;00:00:00:000000;00:00:00:000000;00:00:00:000000;00:00:00:000000;;5;30;3;2;0;0;0;0;0;;0;0;0;0;0;0;0;0;
2014-04-06	14:33:51.168554	1396787631.168554;2014-04-06	14:33:57.034102	1396787637.034102;2014-04-06	14:33:57.244157	1396787637.244157;00:00:00;00:00:06;10;0;6.58436;0;0;0;40;40;40;0;0;0;0;0;0;0;0;0;0;0;0;0;0;0;0;0;0;0;0;0;0;0;0;0;0;0;0;0;0;0;0;0;0;0;0;0;0;0;0;0;0;0;0;0;0;00:00:00:000000;00:00:00:014000;00:00:00:000000;00:00:00:006000;00:00:00:000000;00:00:00:000000;00:00:00:000000;00:00:00:000000;;5;30;3;2;0;0;0;0;0;;0;0;0;0;0;0;0;0;
2014-04-06	14:33:51.168554	1396787631.168554;2014-04-06	14:33:57.244293	1396787637.244293;2014-04-06	14:33:57.455226	1396787637.455226;00:00:00;00:00:06;10;0;6.36335;0;0;0;40;40;40;0;0;0;0;0;0;0;0;0;0;0;0;0;0;0;0;0;0;0;0;0;0;0;0;0;0;0;0;0;0;0;0;0;0;0;0;0;0;0;0;0;0;0;0;0;0;00:00:00:000000;00:00:00:014000;00:00:00:000000;00:00:00:006000;00:00:00:000000;00:00:00:000000;00:00:00:000000;00:00:00:000000;;5;30;3;2;0;0;0;0;0;;0;0;0;0;0;0;0;0;
2014-04-06	14:33:51.168554	1396787631.168554;2014-04-06	14:33:57.455305	1396787637.455305;2014-04-06	14:33:57.663322	1396787637.663322;00:00:00;00:00:06;10;0;6.15953;0;0;0;40;40;40;0;0;0;0;0;0;0;0;0;0;0;0;0;0;0;0;0;0;0;0;0;0;0;0;0;0;0;0;0;0;0;0;0;0;0;0;0;0;0;0;0;0;0;0;0;0;00:00:00:000000;00:00:00:014000;00:00:00:000000;00:00:00:006000;00:00:00:000000;00:00:00:000000;00:00:00:000000;00:00:00:000000;;5;30;3;2;0;0;0;0;0;;0;0;0;0;0;0;0;0;
2014-04-06	14:33:51.168554	1396787631.168554;2014-04-06	14:33:57.663403	1396787637.663403;2014-04-06	14:33:57.873285	1396787637.873285;00:00:00;00:00:06;10;0;5.96659;0;0;0;40;40;40;0;0;0;0;0;0;0;0;0;0;0;0;0;0;0;0;0;0;0;0;0;0;0;0;0;0;0;0;0;0;0;0;0;0;0;0;0;0;0;0;0;0;0;0;0;0;00:00:00:000000;00:00:00:014000;00:00:00:000000;00:00:00:006000;00:00:00:000000;00:00:00:000000;00:00:00:000000;00:00:00:000000;;5;30;3;2;0;0;0;0;0;;0;0;0;0;0;0;0;0;
2014-04-06	14:33:51.168554	1396787631.168554;2014-04-06	14:33:57.873397	1396787637.873397;2014-04-06	14:33:58.085147	1396787638.085147;00:00:00;00:00:06;10;0;5.78369;0;0;0;40;40;40;0;0;0;0;0;0;0;0;0;0;0;0;0;0;0;0;0;0;0;0;0;0;0;0;0;0;0;0;0;0;0;0;0;0;0;0;0;0;0;0;0;0;0;0;0;0;00:00:00:000000;00:00:00:014000;00:00:00:000000;00:00:00:006000;00:00:00:000000;00:00:00:000000;00:00:00:000000;00:00:00:000000;;5;30;3;2;0;0;0;0;0;;0;0;0;0;0;0;0;0;
2014-04-06	14:33:51.168554	1396787631.168554;2014-04-06	14:33:58.085247	1396787638.085247;2014-04-06	14:33:58.293322	1396787638.293322;00:00:00;00:00:07;10;0;5.61482;0;0;0;40;40;40;0;0;0;0;0;0;0;0;0;0;0;0;0;0;0;0;0;0;0;0;0;0;0;0;0;0;0;0;0;0;0;0;0;0;0;0;0;0;0;0;0;0;0;0;0;0;00:00:00:000000;00:00:00:014000;00:00:00:000000;00:00:00:006000;00:00:00:000000;00:00:00:000000;00:00:00:000000;00:00:00:000000;;5;30;3;2;0;0;0;0;0;;0;0;0;0;0;0;0;0;
2014-04-06	14:33:51.168554	1396787631.168554;2014-04-06	14:33:58.293420	1396787638.293420;2014-04-06	14:33:58.495420	1396787638.495420;00:00:00;00:00:07;10;0;5.46001;0;0;0;40;40;40;0;0;0;0;0;0;0;0;0;0;0;0;0;0;0;0;0;0;0;0;0;0;0;0;0;0;0;0;0;0;0;0;0;0;0;0;0;0;0;0;0;0;0;0;0;0;00:00:00:000000;00:00:00:014000;00:00:00:000000;00:00:00:006000;00:00:00:000000;00:00:00:000000;00:00:00:000000;00:00:00:000000;;5;30;3;2;0;0;0;0;0;;0;0;0;0;0;0;0;0;
2014-04-06	14:33:51.168554	1396787631.168554;2014-04-06	14:33:58.495505	1396787638.495505;2014-04-06	14:33:58.703881	1396787638.703881;00:00:00;00:00:07;10;0;5.30856;0;0;0;40;40;40;0;0;0;0;0;0;0;0;0;0;0;0;0;0;0;0;0;0;0;0;0;0;0;0;0;0;0;0;0;0;0;0;0;0;0;0;0;0;0;0;0;0;0;0;0;0;00:00:00:000000;00:00:00:014000;00:00:00:000000;00:00:00:006000;00:00:00:000000;00:00:00:000000;00:00:00:000000;00:00:00:000000;;5;30;3;2;0;0;0;0;0;;0;0;0;0;0;0;0;0;
2014-04-06	14:33:51.168554	1396787631.168554;2014-04-06	14:33:58.704101	1396787638.704101;2014-04-06	14:33:58.913920	1396787638.913920;00:00:00;00:00:07;10;0;5.16462;0;0;0;40;40;40;0;0;0;0;0;0;0;0;0;0;0;0;0;0;0;0;0;0;0;0;0;0;0;0;0;0;0;0;0;0;0;0;0;0;0;0;0;0;0;0;0;0;0;0;0;0;00:00:00:000000;00:00:00:014000;00:00:00:000000;00:00:00:006000;00:00:00:000000;00:00:00:000000;00:00:00:000000;00:00:00:000000;;5;30;3;2;0;0;0;0;0;;0;0;0;0;0;0;0;0;
2014-04-06	14:33:51.168554	1396787631.168554;2014-04-06	14:33:58.914077	1396787638.914077;2014-04-06	14:33:59.123878	1396787639.123878;00:00:00;00:00:07;10;0;5.02828;0;0;0;40;40;40;0;0;0;0;0;0;0;0;0;0;0;0;0;0;0;0;0;0;0;0;0;0;0;0;0;0;0;0;0;0;0;0;0;0;0;0;0;0;0;0;0;0;0;0;0;0;00:00:00:000000;00:00:00:014000;00:00:00:000000;00:00:00:006000;00:00:00:000000;00:00:00:000000;00:00:00:000000;00:00:00:000000;;5;30;3;2;0;0;0;0;0;;0;0;0;0;0;0;0;0;
2014-04-06	14:33:51.168554	1396787631.168554;2014-04-06	14:33:59.124120	1396787639.124120;2014-04-06	14:33:59.333280	1396787639.333280;00:00:00;00:00:08;10;0;4.89956;0;0;0;40;40;40;0;0;0;0;0;0;0;0;0;0;0;0;0;0;0;0;0;0;0;0;0;0;0;0;0;0;0;0;0;0;0;0;0;0;0;0;0;0;0;0;0;0;0;0;0;0;00:00:00:000000;00:00:00:014000;00:00:00:000000;00:00:00:006000;00:00:00:000000;00:00:00:000000;00:00:00:000000;00:00:00:000000;;5;30;3;2;0;0;0;0;0;;0;0;0;0;0;0;0;0;
2014-04-06	14:33:51.168554	1396787631.168554;2014-04-06	14:33:59.333382	1396787639.333382;2014-04-06	14:33:59.543307	1396787639.543307;00:00:00;00:00:08;10;0;4.77669;0;0;0;40;40;40;0;0;0;0;0;0;0;0;0;0;0;0;0;0;0;0;0;0;0;0;0;0;0;0;0;0;0;0;0;0;0;0;0;0;0;0;0;0;0;0;0;0;0;0;0;0;00:00:00:000000;00:00:00:014000;00:00:00:000000;00:00:00:006000;00:00:00:000000;00:00:00:000000;00:00:00:000000;00:00:00:000000;;5;30;3;2;0;0;0;0;0;;0;0;0;0;0;0;0;0;
2014-04-06	14:33:51.168554	1396787631.168554;2014-04-06	14:33:59.543412	1396787639.543412;2014-04-06	14:33:59.753401	1396787639.753401;00:00:00;00:00:08;10;0;4.65983;0;0;0;40;40;40;0;0;0;0;0;0;0;0;0;0;0;0;0;0;0;0;0;0;0;0;0;0;0;0;0;0;0;0;0;0;0;0;0;0;0;0;0;0;0;0;0;0;0;0;0;0;00:00:00:000000;00:00:00:014000;00:00:00:000000;00:00:00:006000;00:00:00:000000;00:00:00:000000;00:00:00:000000;00:00:00:000000;;5;30;3;2;0;0;0;0;0;;0;0;0;0;0;0;0;0;
2014-04-06	14:33:51.168554	1396787631.168554;2014-04-06	14:33:59.753502	1396787639.753502;2014-04-06	14:33:59.956095	1396787639.956095;00:00:00;00:00:08;10;0;4.55218;0;0;0;40;40;40;0;0;0;0;0;0;0;0;0;0;0;0;0;0;0;0;0;0;0;0;0;0;0;0;0;0;0;0;0;0;0;0;0;0;0;0;0;0;0;0;0;0;0;0;0;0;00:00:00:000000;00:00:00:014000;00:00:00:000000;00:00:00:006000;00:00:00:000000;00:00:00:000000;00:00:00:000000;00:00:00:000000;;5;30;3;2;0;0;0;0;0;;0;0;0;0;0;0;0;0;
2014-04-06	14:33:51.168554	1396787631.168554;2014-04-06	14:33:59.956195	1396787639.956195;2014-04-06	14:34:00.163393	1396787640.163393;00:00:00;00:00:08;10;0;4.44741;0;0;0;40;40;40;0;0;0;0;0;0;0;0;0;0;0;0;0;0;0;0;0;0;0;0;0;0;0;0;0;0;0;0;0;0;0;0;0;0;0;0;0;0;0;0;0;0;0;0;0;0;00:00:00:000000;00:00:00:014000;00:00:00:000000;00:00:00:006000;00:00:00:000000;00:00:00:000000;00:00:00:000000;00:00:00:000000;;5;30;3;2;0;0;0;0;0;;0;0;0;0;0;0;0;0;
2014-04-06	14:33:51.168554	1396787631.168554;2014-04-06	14:34:00.163486	1396787640.163486;2014-04-06	14:34:00.373271	1396787640.373271;00:00:00;00:00:09;10;0;4.34594;0;0;0;40;40;40;0;0;0;0;0;0;0;0;0;0;0;0;0;0;0;0;0;0;0;0;0;0;0;0;0;0;0;0;0;0;0;0;0;0;0;0;0;0;0;0;0;0;0;0;0;0;00:00:00:000000;00:00:00:014000;00:00:00:000000;00:00:00:006000;00:00:00:000000;00:00:00:000000;00:00:00:000000;00:00:00:000000;;5;30;3;2;0;0;0;0;0;;0;0;0;0;0;0;0;0;
2014-04-06	14:33:51.168554	1396787631.168554;2014-04-06	14:34:00.373365	1396787640.373365;2014-04-06	14:34:00.574308	1396787640.574308;00:00:00;00:00:09;10;0;4.25306;0;0;0;40;40;40;0;0;0;0;0;0;0;0;0;0;0;0;0;0;0;0;0;0;0;0;0;0;0;0;0;0;0;0;0;0;0;0;0;0;0;0;0;0;0;0;0;0;0;0;0;0;00:00:00:000000;00:00:00:014000;00:00:00:000000;00:00:00:006000;00:00:00:000000;00:00:00:000000;00:00:00:000000;00:00:00:000000;;5;30;3;2;0;0;0;0;0;;0;0;0;0;0;0;0;0;
2014-04-06	14:33:51.168554	1396787631.168554;2014-04-06	14:34:00.574393	1396787640.574393;2014-04-06	14:34:00.775764	1396787640.775764;00:00:00;00:00:09;10;0;4.16363;0;0;0;40;40;40;0;0;0;0;0;0;0;0;0;0;0;0;0;0;0;0;0;0;0;0;0;0;0;0;0;0;0;0;0;0;0;0;0;0;0;0;0;0;0;0;0;0;0;0;0;0;00:00:00:000000;00:00:00:014000;00:00:00:000000;00:00:00:006000;00:00:00:000000;00:00:00:000000;00:00:00:000000;00:00:00:000000;;5;30;3;2;0;0;0;0;0;;0;0;0;0;0;0;0;0;
2014-04-06	14:33:51.168554	1396787631.168554;2014-04-06	14:34:00.775870	1396787640.775870;2014-04-06	14:34:00.983281	1396787640.983281;00:00:00;00:00:09;10;0;4.07581;0;0;0;40;40;40;0;0;0;0;0;0;0;0;0;0;0;0;0;0;0;0;0;0;0;0;0;0;0;0;0;0;0;0;0;0;0;0;0;0;0;0;0;0;0;0;0;0;0;0;0;0;00:00:00:000000;00:00:00:014000;00:00:00:000000;00:00:00:006000;00:00:00:000000;00:00:00:000000;00:00:00:000000;00:00:00:000000;;5;30;3;2;0;0;0;0;0;;0;0;0;0;0;0;0;0;
2014-04-06	14:33:51.168554	1396787631.168554;2014-04-06	14:34:00.983363	1396787640.983363;2014-04-06	14:34:01.188747	1396787641.188747;00:00:00;00:00:10;10;0;3.99202;0;0;0;40;40;40;0;0;0;0;0;0;0;0;0;0;0;0;0;0;0;0;0;0;0;0;0;0;0;0;0;0;0;0;0;0;0;0;0;0;0;0;0;0;0;0;0;0;0;0;0;0;00:00:00:000000;00:00:00:014000;00:00:00:000000;00:00:00:006000;00:00:00:000000;00:00:00:000000;00:00:00:000000;00:00:00:000000;;5;30;3;2;0;0;0;0;0;;0;0;0;0;0;0;0;0;
2014-04-06	14:33:51.168554	1396787631.168554;2014-04-06	14:34:01.188836	1396787641.188836;2014-04-06	14:34:01.393395	1396787641.393395;00:00:00;00:00:10;10;0;3.91236;0;0;0;40;40;40;0;0;0;0;0;0;0;0;0;0;0;0;0;0;0;0;0;0;0;0;0;0;0;0;0;0;0;0;0;0;0;0;0;0;0;0;0;0;0;0;0;0;0;0;0;0;00:00:00:000000;00:00:00:014000;00:00:00:000000;00:00:00:006000;00:00:00:000000;00:00:00:000000;00:00:00:000000;00:00:00:000000;;5;30;3;2;0;0;0;0;0;;0;0;0;0;0;0;0;0;
2014-04-06	14:33:51.168554	1396787631.168554;2014-04-06	14:34:01.393487	1396787641.393487;2014-04-06	14:34:01.597456	1396787641.597456;00:00:00;00:00:10;10;0;3.83583;0;0;0;40;40;40;0;0;0;0;0;0;0;0;0;0;0;0;0;0;0;0;0;0;0;0;0;0;0;0;0;0;0;0;0;0;0;0;0;0;0;0;0;0;0;0;0;0;0;0;0;0;00:00:00:000000;00:00:00:014000;00:00:00:000000;00:00:00:006000;00:00:00:000000;00:00:00:000000;00:00:00:000000;00:00:00:000000;;5;30;3;2;0;0;0;0;0;;0;0;0;0;0;0;0;0;
2014-04-06	14:33:51.168554	1396787631.168554;2014-04-06	14:34:01.597554	1396787641.597554;2014-04-06	14:34:01.814160	1396787641.814160;00:00:00;00:00:10;10;0;3.75763;0;0;0;40;40;40;0;0;0;0;0;0;0;0;0;0;0;0;0;0;0;0;0;0;0;0;0;0;0;0;0;0;0;0;0;0;0;0;0;0;0;0;0;0;0;0;0;0;0;0;0;0;00:00:00:000000;00:00:00:014000;00:00:00:000000;00:00:00:006000;00:00:00:000000;00:00:00:000000;00:00:00:000000;00:00:00:000000;;5;30;3;2;0;0;0;0;0;;0;0;0;0;0;0;0;0;
2014-04-06	14:33:51.168554	1396787631.168554;2014-04-06	14:34:01.814264	1396787641.814264;2014-04-06	14:34:02.025825	1396787642.025825;00:00:00;00:00:10;10;0;3.68426;0;0;0;40;40;40;0;0;0;0;0;0;0;0;0;0;0;0;0;0;0;0;0;0;0;0;0;0;0;0;0;0;0;0;0;0;0;0;0;0;0;0;0;0;0;0;0;0;0;0;0;0;00:00:00:000000;00:00:00:014000;00:00:00:000000;00:00:00:006000;00:00:00:000000;00:00:00:000000;00:00:00:000000;00:00:00:000000;;5;30;3;2;0;0;0;0;0;;0;0;0;0;0;0;0;0;
2014-04-06	14:33:51.168554	1396787631.168554;2014-04-06	14:34:02.025975	1396787642.025975;2014-04-06	14:34:02.238126	1396787642.238126;00:00:00;00:00:11;10;0;3.6137;0;0;0;40;40;40;0;0;0;0;0;0;0;0;0;0;0;0;0;0;0;0;0;0;0;0;0;0;0;0;0;0;0;0;0;0;0;0;0;0;0;0;0;0;0;0;0;0;0;0;0;0;00:00:00:000000;00:00:00:014000;00:00:00:000000;00:00:00:006000;00:00:00:000000;00:00:00:000000;00:00:00:000000;00:00:00:000000;;5;30;3;2;0;0;0;0;0;;0;0;0;0;0;0;0;0;
2014-04-06	14:33:51.168554	1396787631.168554;2014-04-06	14:34:02.238217	1396787642.238217;2014-04-06	14:34:02.443306	1396787642.443306;00:00:00;00:00:11;10;0;3.54799;0;0;0;40;40;40;0;0;0;0;0;0;0;0;0;0;0;0;0;0;0;0;0;0;0;0;0;0;0;0;0;0;0;0;0;0;0;0;0;0;0;0;0;0;0;0;0;0;0;0;0;0;00:00:00:000000;00:00:00:014000;00:00:00:000000;00:00:00:006000;00:00:00:000000;00:00:00:000000;00:00:00:000000;00:00:00:000000;;5;30;3;2;0;0;0;0;0;;0;0;0;0;0;0;0;0;
2014-04-06	14:33:51.168554	1396787631.168554;2014-04-06	14:34:02.443400	1396787642.443400;2014-04-06	14:34:02.653264	1396787642.653264;00:00:00;00:00:11;10;0;3.48311;0;0;0;40;40;40;0;0;0;0;0;0;0;0;0;0;0;0;0;0;0;0;0;0;0;0;0;0;0;0;0;0;0;0;0;0;0;0;0;0;0;0;0;0;0;0;0;0;0;0;0;0;00:00:00:000000;00:00:00:014000;00:00:00:000000;00:00:00:006000;00:00:00:000000;00:00:00:000000;00:00:00:000000;00:00:00:000000;;5;30;3;2;0;0;0;0;0;;0;0;0;0;0;0;0;0;
2014-04-06	14:33:51.168554	1396787631.168554;2014-04-06	14:34:02.653365	1396787642.653365;2014-04-06	14:34:02.863290	1396787642.863290;00:00:00;00:00:11;10;0;3.42056;0;0;0;40;40;40;0;0;0;0;0;0;0;0;0;0;0;0;0;0;0;0;0;0;0;0;0;0;0;0;0;0;0;0;0;0;0;0;0;0;0;0;0;0;0;0;0;0;0;0;0;0;00:00:00:000000;00:00:00:014000;00:00:00:000000;00:00:00:006000;00:00:00:000000;00:00:00:000000;00:00:00:000000;00:00:00:000000;;5;30;3;2;0;0;0;0;0;;0;0;0;0;0;0;0;0;
2014-04-06	14:33:51.168554	1396787631.168554;2014-04-06	14:34:02.863385	1396787642.863385;2014-04-06	14:34:03.065308	1396787643.065308;00:00:00;00:00:11;10;0;3.36247;0;0;0;40;40;40;0;0;0;0;0;0;0;0;0;0;0;0;0;0;0;0;0;0;0;0;0;0;0;0;0;0;0;0;0;0;0;0;0;0;0;0;0;0;0;0;0;0;0;0;0;0;00:00:00:000000;00:00:00:014000;00:00:00:000000;00:00:00:006000;00:00:00:000000;00:00:00:000000;00:00:00:000000;00:00:00:000000;;5;30;3;2;0;0;0;0;0;;0;0;0;0;0;0;0;0;
2014-04-06	14:33:51.168554	1396787631.168554;2014-04-06	14:34:03.065389	1396787643.065389;2014-04-06	14:34:03.273293	1396787643.273293;00:00:00;00:00:12;10;0;3.30469;0;0;0;40;40;40;0;0;0;0;0;0;0;0;0;0;0;0;0;0;0;0;0;0;0;0;0;0;0;0;0;0;0;0;0;0;0;0;0;0;0;0;0;0;0;0;0;0;0;0;0;0;00:00:00:000000;00:00:00:014000;00:00:00:000000;00:00:00:006000;00:00:00:000000;00:00:00:000000;00:00:00:000000;00:00:00:000000;;5;30;3;2;0;0;0;0;0;;0;0;0;0;0;0;0;0;
2014-04-06	14:33:51.168554	1396787631.168554;2014-04-06	14:34:03.273388	1396787643.273388;2014-04-06	14:34:03.483449	1396787643.483449;00:00:00;00:00:12;10;0;3.24834;0;0;0;40;40;40;0;0;0;0;0;0;0;0;0;0;0;0;0;0;0;0;0;0;0;0;0;0;0;0;0;0;0;0;0;0;0;0;0;0;0;0;0;0;0;0;0;0;0;0;0;0;00:00:00:000000;00:00:00:014000;00:00:00:000000;00:00:00:006000;00:00:00:000000;00:00:00:000000;00:00:00:000000;00:00:00:000000;;5;30;3;2;0;0;0;0;0;;0;0;0;0;0;0;0;0;
2014-04-06	14:33:51.168554	1396787631.168554;2014-04-06	14:34:03.483534	1396787643.483534;2014-04-06	14:34:03.684151	1396787643.684151;00:00:00;00:00:12;10;0;3.19616;0;0;0;40;40;40;0;0;0;0;0;0;0;0;0;0;0;0;0;0;0;0;0;0;0;0;0;0;0;0;0;0;0;0;0;0;0;0;0;0;0;0;0;0;0;0;0;0;0;0;0;0;00:00:00:000000;00:00:00:014000;00:00:00:000000;00:00:00:006000;00:00:00:000000;00:00:00:000000;00:00:00:000000;00:00:00:000000;;5;30;3;2;0;0;0;0;0;;0;0;0;0;0;0;0;0;
2014-04-06	14:33:51.168554	1396787631.168554;2014-04-06	14:34:03.684238	1396787643.684238;2014-04-06	14:34:03.897823	1396787643.897823;00:00:00;00:00:12;10;0;3.14243;0;0;0;40;40;40;0;0;0;0;0;0;0;0;0;0;0;0;0;0;0;0;0;0;0;0;0;0;0;0;0;0;0;0;0;0;0;0;0;0;0;0;0;0;0;0;0;0;0;0;0;0;00:00:00:000000;00:00:00:014000;00:00:00:000000;00:00:00:006000;00:00:00:000000;00:00:00:000000;00:00:00:000000;00:00:00:000000;;5;30;3;2;0;0;0;0;0;;0;0;0;0;0;0;0;0;
2014-04-06	14:33:51.168554	1396787631.168554;2014-04-06	14:34:03.898130	1396787643.898130;2014-04-06	14:34:04.104518	1396787644.104518;00:00:00;00:00:12;10;0;3.09239;0;0;0;40;40;40;0;0;0;0;0;0;0;0;0;0;0;0;0;0;0;0;0;0;0;0;0;0;0;0;0;0;0;0;0;0;0;0;0;0;0;0;0;0;0;0;0;0;0;0;0;0;00:00:00:000000;00:00:00:014000;00:00:00:000000;00:00:00:006000;00:00:00:000000;00:00:00:000000;00:00:00:000000;00:00:00:000000;;5;30;3;2;0;0;0;0;0;;0;0;0;0;0;0;0;0;
2014-04-06	14:33:51.168554	1396787631.168554;2014-04-06	14:34:04.104603	1396787644.104603;2014-04-06	14:34:04.313313	1396787644.313313;00:00:00;00:00:13;10;0;3.04321;0;0;0;40;40;40;0;0;0;0;0;0;0;0;0;0;0;0;0;0;0;0;0;0;0;0;0;0;0;0;0;0;0;0;0;0;0;0;0;0;0;0;0;0;0;0;0;0;0;0;0;0;00:00:00:000000;00:00:00:014000;00:00:00:000000;00:00:00:006000;00:00:00:000000;00:00:00:000000;00:00:00:000000;00:00:00:000000;;5;30;3;2;0;0;0;0;0;;0;0;0;0;0;0;0;0;
2014-04-06	14:33:51.168554	1396787631.168554;2014-04-06	14:34:04.313417	1396787644.313417;2014-04-06	14:34:04.523432	1396787644.523432;00:00:00;00:00:13;10;0;2.99536;0;0;0;40;40;40;0;0;0;0;0;0;0;0;0;0;0;0;0;0;0;0;0;0;0;0;0;0;0;0;0;0;0;0;0;0;0;0;0;0;0;0;0;0;0;0;0;0;0;0;0;0;00:00:00:000000;00:00:00:014000;00:00:00:000000;00:00:00:006000;00:00:00:000000;00:00:00:000000;00:00:00:000000;00:00:00:000000;;5;30;3;2;0;0;0;0;0;;0;0;0;0;0;0;0;0;
2014-04-06	14:33:51.168554	1396787631.168554;2014-04-06	14:34:04.523518	1396787644.523518;2014-04-06	14:34:04.733354	1396787644.733354;00:00:00;00:00:13;10;0;2.94898;0;0;0;40;40;40;0;0;0;0;0;0;0;0;0;0;0;0;0;0;0;0;0;0;0;0;0;0;0;0;0;0;0;0;0;0;0;0;0;0;0;0;0;0;0;0;0;0;0;0;0;0;00:00:00:000000;00:00:00:014000;00:00:00:000000;00:00:00:006000;00:00:00:000000;00:00:00:000000;00:00:00:000000;00:00:00:000000;;5;30;3;2;0;0;0;0;0;;0;0;0;0;0;0;0;0;
2014-04-06	14:33:51.168554	1396787631.168554;2014-04-06	14:34:04.733418	1396787644.733418;2014-04-06	14:34:04.943484	1396787644.943484;00:00:00;00:00:13;10;0;2.90402;0;0;0;40;40;40;0;0;0;0;0;0;0;0;0;0;0;0;0;0;0;0;0;0;0;0;0;0;0;0;0;0;0;0;0;0;0;0;0;0;0;0;0;0;0;0;0;0;0;0;0;0;00:00:00:000000;00:00:00:014000;00:00:00:000000;00:00:00:006000;00:00:00:000000;00:00:00:000000;00:00:00:000000;00:00:00:000000;;5;30;3;2;0;0;0;0;0;;0;0;0;0;0;0;0;0;
2014-04-06	14:33:51.168554	1396787631.168554;2014-04-06	14:34:04.943600	1396787644.943600;2014-04-06	14:34:05.145731	1396787645.145731;00:00:00;00:00:13;10;0;2.86184;0;0;0;40;40;40;0;0;0;0;0;0;0;0;0;0;0;0;0;0;0;0;0;0;0;0;0;0;0;0;0;0;0;0;0;0;0;0;0;0;0;0;0;0;0;0;0;0;0;0;0;0;00:00:00:000000;00:00:00:014000;00:00:00:000000;00:00:00:006000;00:00:00:000000;00:00:00:000000;00:00:00:000000;00:00:00:000000;;5;30;3;2;0;0;0;0;0;;0;0;0;0;0;0;0;0;
2014-04-06	14:33:51.168554	1396787631.168554;2014-04-06	14:34:05.145814	1396787645.145814;2014-04-06	14:34:05.353288	1396787645.353288;00:00:00;00:00:14;10;0;2.82008;0;0;0;40;40;40;0;0;0;0;0;0;0;0;0;0;0;0;0;0;0;0;0;0;0;0;0;0;0;0;0;0;0;0;0;0;0;0;0;0;0;0;0;0;0;0;0;0;0;0;0;0;00:00:00:000000;00:00:00:014000;00:00:00:000000;00:00:00:006000;00:00:00:000000;00:00:00:000000;00:00:00:000000;00:00:00:000000;;5;30;3;2;0;0;0;0;0;;0;0;0;0;0;0;0;0;
2014-04-06	14:33:51.168554	1396787631.168554;2014-04-06	14:34:05.353379	1396787645.353379;2014-04-06	14:34:05.563398	1396787645.563398;00:00:00;00:00:14;10;0;2.77894;0;0;0;40;40;40;0;0;0;0;0;0;0;0;0;0;0;0;0;0;0;0;0;0;0;0;0;0;0;0;0;0;0;0;0;0;0;0;0;0;0;0;0;0;0;0;0;0;0;0;0;0;00:00:00:000000;00:00:00:014000;00:00:00:000000;00:00:00:006000;00:00:00:000000;00:00:00:000000;00:00:00:000000;00:00:00:000000;;5;30;3;2;0;0;0;0;0;;0;0;0;0;0;0;0;0;
2014-04-06	14:33:51.168554	1396787631.168554;2014-04-06	14:34:05.563575	1396787645.563575;2014-04-06	14:34:05.773305	1396787645.773305;00:00:00;00:00:14;10;0;2.73898;0;0;0;40;40;40;0;0;0;0;0;0;0;0;0;0;0;0;0;0;0;0;0;0;0;0;0;0;0;0;0;0;0;0;0;0;0;0;0;0;0;0;0;0;0;0;0;0;0;0;0;0;00:00:00:000000;00:00:00:014000;00:00:00:000000;00:00:00:006000;00:00:00:000000;00:00:00:000000;00:00:00:000000;00:00:00:000000;;5;30;3;2;0;0;0;0;0;;0;0;0;0;0;0;0;0;
2014-04-06	14:33:51.168554	1396787631.168554;2014-04-06	14:34:05.773398	1396787645.773398;2014-04-06	14:34:05.974831	1396787645.974831;00:00:00;00:00:14;10;0;2.70161;0;0;0;40;40;40;0;0;0;0;0;0;0;0;0;0;0;0;0;0;0;0;0;0;0;0;0;0;0;0;0;0;0;0;0;0;0;0;0;0;0;0;0;0;0;0;0;0;0;0;0;0;00:00:00:000000;00:00:00:014000;00:00:00:000000;00:00:00:006000;00:00:00:000000;00:00:00:000000;00:00:00:000000;00:00:00:000000;;5;30;3;2;0;0;0;0;0;;0;0;0;0;0;0;0;0;
2014-04-06	14:33:51.168554	1396787631.168554;2014-04-06	14:34:05.974919	1396787645.974919;2014-04-06	14:34:06.183299	1396787646.183299;00:00:00;00:00:15;10;0;2.66418;0;0;0;40;40;40;0;0;0;0;0;0;0;0;0;0;0;0;0;0;0;0;0;0;0;0;0;0;0;0;0;0;0;0;0;0;0;0;0;0;0;0;0;0;0;0;0;0;0;0;0;0;00:00:00:000000;00:00:00:014000;00:00:00:000000;00:00:00:006000;00:00:00:000000;00:00:00:000000;00:00:00:000000;00:00:00:000000;;5;30;3;2;0;0;0;0;0;;0;0;0;0;0;0;0;0;
2014-04-06	14:33:51.168554	1396787631.168554;2014-04-06	14:34:06.183406	1396787646.183406;2014-04-06	14:34:06.384128	1396787646.384128;00:00:00;00:00:15;10;0;2.62898;0;0;0;40;40;40;0;0;0;0;0;0;0;0;0;0;0;0;0;0;0;0;0;0;0;0;0;0;0;0;0;0;0;0;0;0;0;0;0;0;0;0;0;0;0;0;0;0;0;0;0;0;00:00:00:000000;00:00:00:014000;00:00:00:000000;00:00:00:006000;00:00:00:000000;00:00:00:000000;00:00:00:000000;00:00:00:000000;;5;30;3;2;0;0;0;0;0;;0;0;0;0;0;0;0;0;
2014-04-06	14:33:51.168554	1396787631.168554;2014-04-06	14:34:06.384217	1396787646.384217;2014-04-06	14:34:06.593392	1396787646.593392;00:00:00;00:00:15;10;0;2.59336;0;0;0;40;40;40;0;0;0;0;0;0;0;0;0;0;0;0;0;0;0;0;0;0;0;0;0;0;0;0;0;0;0;0;0;0;0;0;0;0;0;0;0;0;0;0;0;0;0;0;0;0;00:00:00:000000;00:00:00:014000;00:00:00:000000;00:00:00:006000;00:00:00:000000;00:00:00:000000;00:00:00:000000;00:00:00:000000;;5;30;3;2;0;0;0;0;0;;0;0;0;0;0;0;0;0;
2014-04-06	14:33:51.168554	1396787631.168554;2014-04-06	14:34:06.593470	1396787646.593470;2014-04-06	14:34:06.803318	1396787646.803318;00:00:00;00:00:15;10;0;2.55853;0;0;0;40;40;40;0;0;0;0;0;0;0;0;0;0;0;0;0;0;0;0;0;0;0;0;0;0;0;0;0;0;0;0;0;0;0;0;0;0;0;0;0;0;0;0;0;0;0;0;0;0;00:00:00:000000;00:00:00:014000;00:00:00:000000;00:00:00:006000;00:00:00:000000;00:00:00:000000;00:00:00:000000;00:00:00:000000;;5;30;3;2;0;0;0;0;0;;0;0;0;0;0;0;0;0;
2014-04-06	14:33:51.168554	1396787631.168554;2014-04-06	14:34:06.804030	1396787646.804030;2014-04-06	14:34:07.013863	1396787647.013863;00:00:00;00:00:15;10;0;2.52446;0;0;0;40;40;40;0;0;0;0;0;0;0;0;0;0;0;0;0;0;0;0;0;0;0;0;0;0;0;0;0;0;0;0;0;0;0;0;0;0;0;0;0;0;0;0;0;0;0;0;0;0;00:00:00:000000;00:00:00:014000;00:00:00:000000;00:00:00:006000;00:00:00:000000;00:00:00:000000;00:00:00:000000;00:00:00:000000;;5;30;3;2;0;0;0;0;0;;0;0;0;0;0;0;0;0;
2014-04-06	14:33:51.168554	1396787631.168554;2014-04-06	14:34:07.013999	1396787647.013999;2014-04-06	14:34:07.214049	1396787647.214049;00:00:00;00:00:16;10;0;2.49299;0;0;0;40;40;40;0;0;0;0;0;0;0;0;0;0;0;0;0;0;0;0;0;0;0;0;0;0;0;0;0;0;0;0;0;0;0;0;0;0;0;0;0;0;0;0;0;0;0;0;0;0;00:00:00:000000;00:00:00:014000;00:00:00:000000;00:00:00:006000;00:00:00:000000;00:00:00:000000;00:00:00:000000;00:00:00:000000;;5;30;3;2;0;0;0;0;0;;0;0;0;0;0;0;0;0;
2014-04-06	14:33:51.168554	1396787631.168554;2014-04-06	14:34:07.214137	1396787647.214137;2014-04-06	14:34:07.419446	1396787647.419446;00:00:00;00:00:16;10;0;2.46154;0;0;0;40;40;40;0;0;0;0;0;0;0;0;0;0;0;0;0;0;0;0;0;0;0;0;0;0;0;0;0;0;0;0;0;0;0;0;0;0;0;0;0;0;0;0;0;0;0;0;0;0;00:00:00:000000;00:00:00:014000;00:00:00:000000;00:00:00:006000;00:00:00:000000;00:00:00:000000;00:00:00:000000;00:00:00:000000;;5;30;3;2;0;0;0;0;0;;0;0;0;0;0;0;0;0;
2014-04-06	14:33:51.168554	1396787631.168554;2014-04-06	14:34:07.419550	1396787647.419550;2014-04-06	14:34:07.623427	1396787647.623427;00:00:00;00:00:16;10;0;2.43102;0;0;0;40;40;40;0;0;0;0;0;0;0;0;0;0;0;0;0;0;0;0;0;0;0;0;0;0;0;0;0;0;0;0;0;0;0;0;0;0;0;0;0;0;0;0;0;0;0;0;0;0;00:00:00:000000;00:00:00:014000;00:00:00:000000;00:00:00:006000;00:00:00:000000;00:00:00:000000;00:00:00:000000;00:00:00:000000;;5;30;3;2;0;0;0;0;0;;0;0;0;0;0;0;0;0;
2014-04-06	14:33:51.168554	1396787631.168554;2014-04-06	14:34:07.623537	1396787647.623537;2014-04-06	14:34:07.826107	1396787647.826107;00:00:00;00:00:16;10;0;2.40139;0;0;0;40;40;40;0;0;0;0;0;0;0;0;0;0;0;0;0;0;0;0;0;0;0;0;0;0;0;0;0;0;0;0;0;0;0;0;0;0;0;0;0;0;0;0;0;0;0;0;0;0;00:00:00:000000;00:00:00:014000;00:00:00:000000;00:00:00:006000;00:00:00:000000;00:00:00:000000;00:00:00:000000;00:00:00:000000;;5;30;3;2;0;0;0;0;0;;0;0;0;0;0;0;0;0;
2014-04-06	14:33:51.168554	1396787631.168554;2014-04-06	14:34:07.826196	1396787647.826196;2014-04-06	14:34:08.033280	1396787648.033280;00:00:00;00:00:16;10;0;2.37192;0;0;0;40;40;40;0;0;0;0;0;0;0;0;0;0;0;0;0;0;0;0;0;0;0;0;0;0;0;0;0;0;0;0;0;0;0;0;0;0;0;0;0;0;0;0;0;0;0;0;0;0;00:00:00:000000;00:00:00:014000;00:00:00:000000;00:00:00:006000;00:00:00:000000;00:00:00:000000;00:00:00:000000;00:00:00:000000;;5;30;3;2;0;0;0;0;0;;0;0;0;0;0;0;0;0;
2014-04-06	14:33:51.168554	1396787631.168554;2014-04-06	14:34:08.033354	1396787648.033354;2014-04-06	14:34:08.246430	1396787648.246430;00:00:00;00:00:17;10;0;2.34233;0;0;0;40;40;40;0;0;0;0;0;0;0;0;0;0;0;0;0;0;0;0;0;0;0;0;0;0;0;0;0;0;0;0;0;0;0;0;0;0;0;0;0;0;0;0;0;0;0;0;0;0;00:00:00:000000;00:00:00:014000;00:00:00:000000;00:00:00:006000;00:00:00:000000;00:00:00:000000;00:00:00:000000;00:00:00:000000;;5;30;3;2;0;0;0;0;0;;0;0;0;0;0;0;0;0;
2014-04-06	14:33:51.168554	1396787631.168554;2014-04-06	14:34:08.246541	1396787648.246541;2014-04-06	14:34:08.453328	1396787648.453328;00:00:00;00:00:17;10;0;2.31428;0;0;0;40;40;40;0;0;0;0;0;0;0;0;0;0;0;0;0;0;0;0;0;0;0;0;0;0;0;0;0;0;0;0;0;0;0;0;0;0;0;0;0;0;0;0;0;0;0;0;0;0;00:00:00:000000;00:00:00:014000;00:00:00:000000;00:00:00:006000;00:00:00:000000;00:00:00:000000;00:00:00:000000;00:00:00:000000;;5;30;3;2;0;0;0;0;0;;0;0;0;0;0;0;0;0;
2014-04-06	14:33:51.168554	1396787631.168554;2014-04-06	14:34:08.453406	1396787648.453406;2014-04-06	14:34:08.663344	1396787648.663344;00:00:00;00:00:17;10;0;2.2865;0;0;0;40;40;40;0;0;0;0;0;0;0;0;0;0;0;0;0;0;0;0;0;0;0;0;0;0;0;0;0;0;0;0;0;0;0;0;0;0;0;0;0;0;0;0;0;0;0;0;0;0;00:00:00:000000;00:00:00:014000;00:00:00:000000;00:00:00:006000;00:00:00:000000;00:00:00:000000;00:00:00:000000;00:00:00:000000;;5;30;3;2;0;0;0;0;0;;0;0;0;0;0;0;0;0;
2014-04-06	14:33:51.168554	1396787631.168554;2014-04-06	14:34:08.663423	1396787648.663423;2014-04-06	14:34:08.873307	1396787648.873307;00:00:00;00:00:17;10;0;2.25938;0;0;0;40;40;40;0;0;0;0;0;0;0;0;0;0;0;0;0;0;0;0;0;0;0;0;0;0;0;0;0;0;0;0;0;0;0;0;0;0;0;0;0;0;0;0;0;0;0;0;0;0;00:00:00:000000;00:00:00:014000;00:00:00:000000;00:00:00:006000;00:00:00:000000;00:00:00:000000;00:00:00:000000;00:00:00:000000;;5;30;3;2;0;0;0;0;0;;0;0;0;0;0;0;0;0;
2014-04-06	14:33:51.168554	1396787631.168554;2014-04-06	14:34:08.873391	1396787648.873391;2014-04-06	14:34:09.074575	1396787649.074575;00:00:00;00:00:17;10;0;2.23389;0;0;0;40;40;40;0;0;0;0;0;0;0;0;0;0;0;0;0;0;0;0;0;0;0;0;0;0;0;0;0;0;0;0;0;0;0;0;0;0;0;0;0;0;0;0;0;0;0;0;0;0;00:00:00:000000;00:00:00:014000;00:00:00:000000;00:00:00:006000;00:00:00:000000;00:00:00:000000;00:00:00:000000;00:00:00:000000;;5;30;3;2;0;0;0;0;0;;0;0;0;0;0;0;0;0;
2014-04-06	14:33:51.168554	1396787631.168554;2014-04-06	14:34:09.074669	1396787649.074669;2014-04-06	14:34:09.283366	1396787649.283366;00:00:00;00:00:18;10;0;2.20824;0;0;0;40;40;40;0;0;0;0;0;0;0;0;0;0;0;0;0;0;0;0;0;0;0;0;0;0;0;0;0;0;0;0;0;0;0;0;0;0;0;0;0;0;0;0;0;0;0;0;0;0;00:00:00:000000;00:00:00:014000;00:00:00:000000;00:00:00:006000;00:00:00:000000;00:00:00:000000;00:00:00:000000;00:00:00:000000;;5;30;3;2;0;0;0;0;0;;0;0;0;0;0;0;0;0;
2014-04-06	14:33:51.168554	1396787631.168554;2014-04-06	14:34:09.283453	1396787649.283453;2014-04-06	14:34:09.493922	1396787649.493922;00:00:00;00:00:18;10;0;2.18281;0;0;0;40;40;40;0;0;0;0;0;0;0;0;0;0;0;0;0;0;0;0;0;0;0;0;0;0;0;0;0;0;0;0;0;0;0;0;0;0;0;0;0;0;0;0;0;0;0;0;0;0;00:00:00:000000;00:00:00:014000;00:00:00:000000;00:00:00:006000;00:00:00:000000;00:00:00:000000;00:00:00:000000;00:00:00:000000;;5;30;3;2;0;0;0;0;0;;0;0;0;0;0;0;0;0;
2014-04-06	14:33:51.168554	1396787631.168554;2014-04-06	14:34:09.494130	1396787649.494130;2014-04-06	14:34:09.705034	1396787649.705034;00:00:00;00:00:18;10;0;2.15796;0;0;0;40;40;40;0;0;0;0;0;0;0;0;0;0;0;0;0;0;0;0;0;0;0;0;0;0;0;0;0;0;0;0;0;0;0;0;0;0;0;0;0;0;0;0;0;0;0;0;0;0;00:00:00:000000;00:00:00:014000;00:00:00:000000;00:00:00:006000;00:00:00:000000;00:00:00:000000;00:00:00:000000;00:00:00:000000;;5;30;3;2;0;0;0;0;0;;0;0;0;0;0;0;0;0;
2014-04-06	14:33:51.168554	1396787631.168554;2014-04-06	14:34:09.705126	1396787649.705126;2014-04-06	14:34:09.913993	1396787649.913993;00:00:00;00:00:18;10;0;2.1339;0;0;0;40;40;40;0;0;0;0;0;0;0;0;0;0;0;0;0;0;0;0;0;0;0;0;0;0;0;0;0;0;0;0;0;0;0;0;0;0;0;0;0;0;0;0;0;0;0;0;0;0;00:00:00:000000;00:00:00:014000;00:00:00:000000;00:00:00:006000;00:00:00:000000;00:00:00:000000;00:00:00:000000;00:00:00:000000;;5;30;3;2;0;0;0;0;0;;0;0;0;0;0;0;0;0;
2014-04-06	14:33:51.168554	1396787631.168554;2014-04-06	14:34:09.914085	1396787649.914085;2014-04-06	14:34:10.123878	1396787650.123878;00:00:00;00:00:18;10;0;2.11026;0;0;0;40;40;40;0;0;0;0;0;0;0;0;0;0;0;0;0;0;0;0;0;0;0;0;0;0;0;0;0;0;0;0;0;0;0;0;0;0;0;0;0;0;0;0;0;0;0;0;0;0;00:00:00:000000;00:00:00:014000;00:00:00:000000;00:00:00:006000;00:00:00:000000;00:00:00:000000;00:00:00:000000;00:00:00:000000;;5;30;3;2;0;0;0;0;0;;0;0;0;0;0;0;0;0;
2014-04-06	14:33:51.168554	1396787631.168554;2014-04-06	14:34:10.124067	1396787650.124067;2014-04-06	14:34:10.337048	1396787650.337048;00:00:00;00:00:19;10;0;2.08681;0;0;0;40;40;40;0;0;0;0;0;0;0;0;0;0;0;0;0;0;0;0;0;0;0;0;0;0;0;0;0;0;0;0;0;0;0;0;0;0;0;0;0;0;0;0;0;0;0;0;0;0;00:00:00:000000;00:00:00:014000;00:00:00:000000;00:00:00:006000;00:00:00:000000;00:00:00:000000;00:00:00:000000;00:00:00:000000;;5;30;3;2;0;0;0;0;0;;0;0;0;0;0;0;0;0;
2014-04-06	14:33:51.168554	1396787631.168554;2014-04-06	14:34:10.337130	1396787650.337130;2014-04-06	14:34:10.543325	1396787650.543325;00:00:00;00:00:19;10;0;2.06462;0;0;0;40;40;40;0;0;0;0;0;0;0;0;0;0;0;0;0;0;0;0;0;0;0;0;0;0;0;0;0;0;0;0;0;0;0;0;0;0;0;0;0;0;0;0;0;0;0;0;0;0;00:00:00:000000;00:00:00:014000;00:00:00:000000;00:00:00:006000;00:00:00:000000;00:00:00:000000;00:00:00:000000;00:00:00:000000;;5;30;3;2;0;0;0;0;0;;0;0;0;0;0;0;0;0;
2014-04-06	14:33:51.168554	1396787631.168554;2014-04-06	14:34:10.543430	1396787650.543430;2014-04-06	14:34:10.753392	1396787650.753392;00:00:00;00:00:19;10;0;2.04248;0;0;0;40;40;40;0;0;0;0;0;0;0;0;0;0;0;0;0;0;0;0;0;0;0;0;0;0;0;0;0;0;0;0;0;0;0;0;0;0;0;0;0;0;0;0;0;0;0;0;0;0;00:00:00:000000;00:00:00:014000;00:00:00:000000;00:00:00:006000;00:00:00:000000;00:00:00:000000;00:00:00:000000;00:00:00:000000;;5;30;3;2;0;0;0;0;0;;0;0;0;0;0;0;0;0;
2014-04-06	14:33:51.168554	1396787631.168554;2014-04-06	14:34:10.753492	1396787650.753492;2014-04-06	14:34:10.963389	1396787650.963389;00:00:00;00:00:19;10;0;2.02081;0;0;0;40;40;40;0;0;0;0;0;0;0;0;0;0;0;0;0;0;0;0;0;0;0;0;0;0;0;0;0;0;0;0;0;0;0;0;0;0;0;0;0;0;0;0;0;0;0;0;0;0;00:00:00:000000;00:00:00:014000;00:00:00:000000;00:00:00:006000;00:00:00:000000;00:00:00:000000;00:00:00:000000;00:00:00:000000;;5;30;3;2;0;0;0;0;0;;0;0;0;0;0;0;0;0;
2014-04-06	14:33:51.168554	1396787631.168554;2014-04-06	14:34:10.963482	1396787650.963482;2014-04-06	14:34:11.178143	1396787651.178143;00:00:00;00:00:20;10;0;1.9991;0;0;0;40;40;40;0;0;0;0;0;0;0;0;0;0;0;0;0;0;0;0;0;0;0;0;0;0;0;0;0;0;0;0;0;0;0;0;0;0;0;0;0;0;0;0;0;0;0;0;0;0;00:00:00:000000;00:00:00:014000;00:00:00:000000;00:00:00:006000;00:00:00:000000;00:00:00:000000;00:00:00:000000;00:00:00:000000;;5;30;3;2;0;0;0;0;0;;0;0;0;0;0;0;0;0;
2014-04-06	14:33:51.168554	1396787631.168554;2014-04-06	14:34:11.178243	1396787651.178243;2014-04-06	14:34:11.384001	1396787651.384001;00:00:00;00:00:20;10;0;1.97873;0;0;0;40;40;40;0;0;0;0;0;0;0;0;0;0;0;0;0;0;0;0;0;0;0;0;0;0;0;0;0;0;0;0;0;0;0;0;0;0;0;0;0;0;0;0;0;0;0;0;0;0;00:00:00:000000;00:00:00:014000;00:00:00:000000;00:00:00:006000;00:00:00:000000;00:00:00:000000;00:00:00:000000;00:00:00:000000;;5;30;3;2;0;0;0;0;0;;0;0;0;0;0;0;0;0;
2014-04-06	14:33:51.168554	1396787631.168554;2014-04-06	14:34:11.384112	1396787651.384112;2014-04-06	14:34:11.593451	1396787651.593451;00:00:00;00:00:20;10;0;1.95848;0;0;0;40;40;40;0;0;0;0;0;0;0;0;0;0;0;0;0;0;0;0;0;0;0;0;0;0;0;0;0;0;0;0;0;0;0;0;0;0;0;0;0;0;0;0;0;0;0;0;0;0;00:00:00:000000;00:00:00:014000;00:00:00:000000;00:00:00:006000;00:00:00:000000;00:00:00:000000;00:00:00:000000;00:00:00:000000;;5;30;3;2;0;0;0;0;0;;0;0;0;0;0;0;0;0;
2014-04-06	14:33:51.168554	1396787631.168554;2014-04-06	14:34:11.593640	1396787651.593640;2014-04-06	14:34:11.803402	1396787651.803402;00:00:00;00:00:20;10;0;1.93855;0;0;0;40;40;40;0;0;0;0;0;0;0;0;0;0;0;0;0;0;0;0;0;0;0;0;0;0;0;0;0;0;0;0;0;0;0;0;0;0;0;0;0;0;0;0;0;0;0;0;0;0;00:00:00:000000;00:00:00:014000;00:00:00:000000;00:00:00:006000;00:00:00:000000;00:00:00:000000;00:00:00:000000;00:00:00:000000;;5;30;3;2;0;0;0;0;0;;0;0;0;0;0;0;0;0;
2014-04-06	14:33:51.168554	1396787631.168554;2014-04-06	14:34:11.803479	1396787651.803479;2014-04-06	14:34:12.004379	1396787652.004379;00:00:00;00:00:20;10;0;1.91985;0;0;0;40;40;40;0;0;0;0;0;0;0;0;0;0;0;0;0;0;0;0;0;0;0;0;0;0;0;0;0;0;0;0;0;0;0;0;0;0;0;0;0;0;0;0;0;0;0;0;0;0;00:00:00:000000;00:00:00:014000;00:00:00:000000;00:00:00:006000;00:00:00:000000;00:00:00:000000;00:00:00:000000;00:00:00:000000;;5;30;3;2;0;0;0;0;0;;0;0;0;0;0;0;0;0;
2014-04-06	14:33:51.168554	1396787631.168554;2014-04-06	14:34:12.004469	1396787652.004469;2014-04-06	14:34:12.218005	1396787652.218005;00:00:00;00:00:21;10;0;1.90033;0;0;0;40;40;40;0;0;0;0;0;0;0;0;0;0;0;0;0;0;0;0;0;0;0;0;0;0;0;0;0;0;0;0;0;0;0;0;0;0;0;0;0;0;0;0;0;0;0;0;0;0;00:00:00:000000;00:00:00:014000;00:00:00:000000;00:00:00:006000;00:00:00:000000;00:00:00:000000;00:00:00:000000;00:00:00:000000;;5;30;3;2;0;0;0;0;0;;0;0;0;0;0;0;0;0;
2014-04-06	14:33:51.168554	1396787631.168554;2014-04-06	14:34:12.218084	1396787652.218084;2014-04-06	14:34:12.423294	1396787652.423294;00:00:00;00:00:21;10;0;1.882;0;0;0;40;40;40;0;0;0;0;0;0;0;0;0;0;0;0;0;0;0;0;0;0;0;0;0;0;0;0;0;0;0;0;0;0;0;0;0;0;0;0;0;0;0;0;0;0;0;0;0;0;00:00:00:000000;00:00:00:014000;00:00:00:000000;00:00:00:006000;00:00:00:000000;00:00:00:000000;00:00:00:000000;00:00:00:000000;;5;30;3;2;0;0;0;0;0;;0;0;0;0;0;0;0;0;
2014-04-06	14:33:51.168554	1396787631.168554;2014-04-06	14:34:12.423396	1396787652.423396;2014-04-06	14:34:12.633847	1396787652.633847;00:00:00;00:00:21;10;0;1.8635;0;0;0;40;40;40;0;0;0;0;0;0;0;0;0;0;0;0;0;0;0;0;0;0;0;0;0;0;0;0;0;0;0;0;0;0;0;0;0;0;0;0;0;0;0;0;0;0;0;0;0;0;00:00:00:000000;00:00:00:014000;00:00:00:000000;00:00:00:006000;00:00:00:000000;00:00:00:000000;00:00:00:000000;00:00:00:000000;;5;30;3;2;0;0;0;0;0;;0;0;0;0;0;0;0;0;
2014-04-06	14:33:51.168554	1396787631.168554;2014-04-06	14:34:12.633967	1396787652.633967;2014-04-06	14:34:12.843284	1396787652.843284;00:00:00;00:00:21;10;0;1.84553;0;0;0;40;40;40;0;0;0;0;0;0;0;0;0;0;0;0;0;0;0;0;0;0;0;0;0;0;0;0;0;0;0;0;0;0;0;0;0;0;0;0;0;0;0;0;0;0;0;0;0;0;00:00:00:000000;00:00:00:014000;00:00:00:000000;00:00:00:006000;00:00:00:000000;00:00:00:000000;00:00:00:000000;00:00:00:000000;;5;30;3;2;0;0;0;0;0;;0;0;0;0;0;0;0;0;
2014-04-06	14:33:51.168554	1396787631.168554;2014-04-06	14:34:12.843386	1396787652.843386;2014-04-06	14:34:13.053277	1396787653.053277;00:00:00;00:00:21;10;0;1.82782;0;0;0;40;40;40;0;0;0;0;0;0;0;0;0;0;0;0;0;0;0;0;0;0;0;0;0;0;0;0;0;0;0;0;0;0;0;0;0;0;0;0;0;0;0;0;0;0;0;0;0;0;00:00:00:000000;00:00:00:014000;00:00:00:000000;00:00:00:006000;00:00:00:000000;00:00:00:000000;00:00:00:000000;00:00:00:000000;;5;30;3;2;0;0;0;0;0;;0;0;0;0;0;0;0;0;
2014-04-06	14:33:51.168554	1396787631.168554;2014-04-06	14:34:13.053370	1396787653.053370;2014-04-06	14:34:13.263294	1396787653.263294;00:00:00;00:00:22;10;0;1.81045;0;0;0;40;40;40;0;0;0;0;0;0;0;0;0;0;0;0;0;0;0;0;0;0;0;0;0;0;0;0;0;0;0;0;0;0;0;0;0;0;0;0;0;0;0;0;0;0;0;0;0;0;00:00:00:000000;00:00:00:014000;00:00:00:000000;00:00:00:006000;00:00:00:000000;00:00:00:000000;00:00:00:000000;00:00:00:000000;;5;30;3;2;0;0;0;0;0;;0;0;0;0;0;0;0;0;
2014-04-06	14:33:51.168554	1396787631.168554;2014-04-06	14:34:13.263400	1396787653.263400;2014-04-06	14:34:13.473423	1396787653.473423;00:00:00;00:00:22;10;0;1.7934;0;0;0;40;40;40;0;0;0;0;0;0;0;0;0;0;0;0;0;0;0;0;0;0;0;0;0;0;0;0;0;0;0;0;0;0;0;0;0;0;0;0;0;0;0;0;0;0;0;0;0;0;00:00:00:000000;00:00:00:014000;00:00:00:000000;00:00:00:006000;00:00:00:000000;00:00:00:000000;00:00:00:000000;00:00:00:000000;;5;30;3;2;0;0;0;0;0;;0;0;0;0;0;0;0;0;
2014-04-06	14:33:51.168554	1396787631.168554;2014-04-06	14:34:13.473515	1396787653.473515;2014-04-06	14:34:13.683285	1396787653.683285;00:00:00;00:00:22;10;0;1.77667;0;0;0;40;40;40;0;0;0;0;0;0;0;0;0;0;0;0;0;0;0;0;0;0;0;0;0;0;0;0;0;0;0;0;0;0;0;0;0;0;0;0;0;0;0;0;0;0;0;0;0;0;00:00:00:000000;00:00:00:014000;00:00:00:000000;00:00:00:006000;00:00:00:000000;00:00:00:000000;00:00:00:000000;00:00:00:000000;;5;30;3;2;0;0;0;0;0;;0;0;0;0;0;0;0;0;
2014-04-06	14:33:51.168554	1396787631.168554;2014-04-06	14:34:13.683380	1396787653.683380;2014-04-06	14:34:13.893792	1396787653.893792;00:00:00;00:00:22;10;0;1.76018;0;0;0;40;40;40;0;0;0;0;0;0;0;0;0;0;0;0;0;0;0;0;0;0;0;0;0;0;0;0;0;0;0;0;0;0;0;0;0;0;0;0;0;0;0;0;0;0;0;0;0;0;00:00:00:000000;00:00:00:014000;00:00:00:000000;00:00:00:006000;00:00:00:000000;00:00:00:000000;00:00:00:000000;00:00:00:000000;;5;30;3;2;0;0;0;0;0;;0;0;0;0;0;0;0;0;
2014-04-06	14:33:51.168554	1396787631.168554;2014-04-06	14:34:13.894198	1396787653.894198;2014-04-06	14:34:14.098555	1396787654.098555;00:00:00;00:00:22;10;0;1.74444;0;0;0;40;40;40;0;0;0;0;0;0;0;0;0;0;0;0;0;0;0;0;0;0;0;0;0;0;0;0;0;0;0;0;0;0;0;0;0;0;0;0;0;0;0;0;0;0;0;0;0;0;00:00:00:000000;00:00:00:014000;00:00:00:000000;00:00:00:006000;00:00:00:000000;00:00:00:000000;00:00:00:000000;00:00:00:000000;;5;30;3;2;0;0;0;0;0;;0;0;0;0;0;0;0;0;
2014-04-06	14:33:51.168554	1396787631.168554;2014-04-06	14:34:14.098655	1396787654.098655;2014-04-06	14:34:14.312602	1396787654.312602;00:00:00;00:00:23;10;0;1.72831;0;0;0;40;40;40;0;0;0;0;0;0;0;0;0;0;0;0;0;0;0;0;0;0;0;0;0;0;0;0;0;0;0;0;0;0;0;0;0;0;0;0;0;0;0;0;0;0;0;0;0;0;00:00:00:000000;00:00:00:014000;00:00:00:000000;00:00:00:006000;00:00:00:000000;00:00:00:000000;00:00:00:000000;00:00:00:000000;;5;30;3;2;0;0;0;0;0;;0;0;0;0;0;0;0;0;
2014-04-06	14:33:51.168554	1396787631.168554;2014-04-06	14:34:14.314107	1396787654.314107;2014-04-06	14:34:14.540814	1396787654.540814;00:00:00;00:00:23;10;0;1.71145;0;0;0;40;40;40;0;0;0;0;0;0;0;0;0;0;0;0;0;0;0;0;0;0;0;0;0;0;0;0;0;0;0;0;0;0;0;0;0;0;0;0;0;0;0;0;0;0;0;0;0;0;00:00:00:000000;00:00:00:014000;00:00:00:000000;00:00:00:006000;00:00:00:000000;00:00:00:000000;00:00:00:000000;00:00:00:000000;;5;30;3;2;0;0;0;0;0;;0;0;0;0;0;0;0;0;
2014-04-06	14:33:51.168554	1396787631.168554;2014-04-06	14:34:14.540946	1396787654.540946;2014-04-06	14:34:14.743312	1396787654.743312;00:00:00;00:00:23;10;0;1.69678;0;0;0;40;40;40;0;0;0;0;0;0;0;0;0;0;0;0;0;0;0;0;0;0;0;0;0;0;0;0;0;0;0;0;0;0;0;0;0;0;0;0;0;0;0;0;0;0;0;0;0;0;00:00:00:000000;00:00:00:014000;00:00:00:000000;00:00:00:006000;00:00:00:000000;00:00:00:000000;00:00:00:000000;00:00:00:000000;;5;30;3;2;0;0;0;0;0;;0;0;0;0;0;0;0;0;
2014-04-06	14:33:51.168554	1396787631.168554;2014-04-06	14:34:14.743409	1396787654.743409;2014-04-06	14:34:14.958270	1396787654.958270;00:00:00;00:00:23;10;0;1.68145;0;0;0;40;40;40;0;0;0;0;0;0;0;0;0;0;0;0;0;0;0;0;0;0;0;0;0;0;0;0;0;0;0;0;0;0;0;0;0;0;0;0;0;0;0;0;0;0;0;0;0;0;00:00:00:000000;00:00:00:014000;00:00:00:000000;00:00:00:006000;00:00:00:000000;00:00:00:000000;00:00:00:000000;00:00:00:000000;;5;30;3;2;0;0;0;0;0;;0;0;0;0;0;0;0;0;
2014-04-06	14:33:51.168554	1396787631.168554;2014-04-06	14:34:14.958406	1396787654.958406;2014-04-06	14:34:15.163332	1396787655.163332;00:00:00;00:00:23;10;0;1.66708;0;0;0;40;40;40;0;0;0;0;0;0;0;0;0;0;0;0;0;0;0;0;0;0;0;0;0;0;0;0;0;0;0;0;0;0;0;0;0;0;0;0;0;0;0;0;0;0;0;0;0;0;00:00:00:000000;00:00:00:014000;00:00:00:000000;00:00:00:006000;00:00:00:000000;00:00:00:000000;00:00:00:000000;00:00:00:000000;;5;30;3;2;0;0;0;0;0;;0;0;0;0;0;0;0;0;
2014-04-06	14:33:51.168554	1396787631.168554;2014-04-06	14:34:15.163415	1396787655.163415;2014-04-06	14:34:15.365432	1396787655.365432;00:00:00;00:00:24;10;0;1.65317;0;0;0;40;40;40;0;0;0;0;0;0;0;0;0;0;0;0;0;0;0;0;0;0;0;0;0;0;0;0;0;0;0;0;0;0;0;0;0;0;0;0;0;0;0;0;0;0;0;0;0;0;00:00:00:000000;00:00:00:014000;00:00:00:000000;00:00:00:006000;00:00:00:000000;00:00:00:000000;00:00:00:000000;00:00:00:000000;;5;30;3;2;0;0;0;0;0;;0;0;0;0;0;0;0;0;
2014-04-06	14:33:51.168554	1396787631.168554;2014-04-06	14:34:15.365536	1396787655.365536;2014-04-06	14:34:15.569219	1396787655.569219;00:00:00;00:00:24;10;0;1.63934;0;0;0;40;40;40;0;0;0;0;0;0;0;0;0;0;0;0;0;0;0;0;0;0;0;0;0;0;0;0;0;0;0;0;0;0;0;0;0;0;0;0;0;0;0;0;0;0;0;0;0;0;00:00:00:000000;00:00:00:014000;00:00:00:000000;00:00:00:006000;00:00:00:000000;00:00:00:000000;00:00:00:000000;00:00:00:000000;;5;30;3;2;0;0;0;0;0;;0;0;0;0;0;0;0;0;
2014-04-06	14:33:51.168554	1396787631.168554;2014-04-06	14:34:15.569321	1396787655.569321;2014-04-06	14:34:15.774807	1396787655.774807;00:00:00;00:00:24;10;0;1.62562;0;0;0;40;40;40;0;0;0;0;0;0;0;0;0;0;0;0;0;0;0;0;0;0;0;0;0;0;0;0;0;0;0;0;0;0;0;0;0;0;0;0;0;0;0;0;0;0;0;0;0;0;00:00:00:000000;00:00:00:014000;00:00:00:000000;00:00:00:006000;00:00:00:000000;00:00:00:000000;00:00:00:000000;00:00:00:000000;;5;30;3;2;0;0;0;0;0;;0;0;0;0;0;0;0;0;
2014-04-06	14:33:51.168554	1396787631.168554;2014-04-06	14:34:15.774998	1396787655.774998;2014-04-06	14:34:15.983296	1396787655.983296;00:00:00;00:00:24;10;0;1.61199;0;0;0;40;40;40;0;0;0;0;0;0;0;0;0;0;0;0;0;0;0;0;0;0;0;0;0;0;0;0;0;0;0;0;0;0;0;0;0;0;0;0;0;0;0;0;0;0;0;0;0;0;00:00:00:000000;00:00:00:014000;00:00:00:000000;00:00:00:006000;00:00:00:000000;00:00:00:000000;00:00:00:000000;00:00:00:000000;;5;30;3;2;0;0;0;0;0;;0;0;0;0;0;0;0;0;
2014-04-06	14:33:51.168554	1396787631.168554;2014-04-06	14:34:15.983381	1396787655.983381;2014-04-06	14:34:16.194406	1396787656.194406;00:00:00;00:00:25;10;0;1.5984;0;0;0;40;40;40;0;0;0;0;0;0;0;0;0;0;0;0;0;0;0;0;0;0;0;0;0;0;0;0;0;0;0;0;0;0;0;0;0;0;0;0;0;0;0;0;0;0;0;0;0;0;00:00:00:000000;00:00:00:014000;00:00:00:000000;00:00:00:006000;00:00:00:000000;00:00:00:000000;00:00:00:000000;00:00:00:000000;;5;30;3;2;0;0;0;0;0;;0;0;0;0;0;0;0;0;
2014-04-06	14:33:51.168554	1396787631.168554;2014-04-06	14:34:16.194490	1396787656.194490;2014-04-06	14:34:16.403430	1396787656.403430;00:00:00;00:00:25;10;0;1.58516;0;0;0;40;40;40;0;0;0;0;0;0;0;0;0;0;0;0;0;0;0;0;0;0;0;0;0;0;0;0;0;0;0;0;0;0;0;0;0;0;0;0;0;0;0;0;0;0;0;0;0;0;00:00:00:000000;00:00:00:014000;00:00:00:000000;00:00:00:006000;00:00:00:000000;00:00:00:000000;00:00:00:000000;00:00:00:000000;;5;30;3;2;0;0;0;0;0;;0;0;0;0;0;0;0;0;
2014-04-06	14:33:51.168554	1396787631.168554;2014-04-06	14:34:16.403526	1396787656.403526;2014-04-06	14:34:16.613314	1396787656.613314;00:00:00;00:00:25;10;0;1.57208;0;0;0;40;40;40;0;0;0;0;0;0;0;0;0;0;0;0;0;0;0;0;0;0;0;0;0;0;0;0;0;0;0;0;0;0;0;0;0;0;0;0;0;0;0;0;0;0;0;0;0;0;00:00:00:000000;00:00:00:014000;00:00:00:000000;00:00:00:006000;00:00:00:000000;00:00:00:000000;00:00:00:000000;00:00:00:000000;;5;30;3;2;0;0;0;0;0;;0;0;0;0;0;0;0;0;
2014-04-06	14:33:51.168554	1396787631.168554;2014-04-06	14:34:16.613406	1396787656.613406;2014-04-06	14:34:16.823284	1396787656.823284;00:00:00;00:00:25;10;0;1.55921;0;0;0;40;40;40;0;0;0;0;0;0;0;0;0;0;0;0;0;0;0;0;0;0;0;0;0;0;0;0;0;0;0;0;0;0;0;0;0;0;0;0;0;0;0;0;0;0;0;0;0;0;00:00:00:000000;00:00:00:014000;00:00:00:000000;00:00:00:006000;00:00:00:000000;00:00:00:000000;00:00:00:000000;00:00:00:000000;;5;30;3;2;0;0;0;0;0;;0;0;0;0;0;0;0;0;
2014-04-06	14:33:51.168554	1396787631.168554;2014-04-06	14:34:16.823395	1396787656.823395;2014-04-06	14:34:17.029072	1396787657.029072;00:00:00;00:00:25;10;0;1.54679;0;0;0;40;40;40;0;0;0;0;0;0;0;0;0;0;0;0;0;0;0;0;0;0;0;0;0;0;0;0;0;0;0;0;0;0;0;0;0;0;0;0;0;0;0;0;0;0;0;0;0;0;00:00:00:000000;00:00:00:014000;00:00:00:000000;00:00:00:006000;00:00:00:000000;00:00:00:000000;00:00:00:000000;00:00:00:000000;;5;30;3;2;0;0;0;0;0;;0;0;0;0;0;0;0;0;
2014-04-06	14:33:51.168554	1396787631.168554;2014-04-06	14:34:17.029171	1396787657.029171;2014-04-06	14:34:17.235714	1396787657.235714;00:00:00;00:00:26;10;0;1.53451;0;0;0;40;40;40;0;0;0;0;0;0;0;0;0;0;0;0;0;0;0;0;0;0;0;0;0;0;0;0;0;0;0;0;0;0;0;0;0;0;0;0;0;0;0;0;0;0;0;0;0;0;00:00:00:000000;00:00:00:014000;00:00:00:000000;00:00:00:006000;00:00:00:000000;00:00:00:000000;00:00:00:000000;00:00:00:000000;;5;30;3;2;0;0;0;0;0;;0;0;0;0;0;0;0;0;
2014-04-06	14:33:51.168554	1396787631.168554;2014-04-06	14:34:17.235810	1396787657.235810;2014-04-06	14:34:17.443315	1396787657.443315;00:00:00;00:00:26;10;0;1.52242;0;0;0;40;40;40;0;0;0;0;0;0;0;0;0;0;0;0;0;0;0;0;0;0;0;0;0;0;0;0;0;0;0;0;0;0;0;0;0;0;0;0;0;0;0;0;0;0;0;0;0;0;00:00:00:000000;00:00:00:014000;00:00:00:000000;00:00:00:006000;00:00:00:000000;00:00:00:000000;00:00:00:000000;00:00:00:000000;;5;30;3;2;0;0;0;0;0;;0;0;0;0;0;0;0;0;
2014-04-06	14:33:51.168554	1396787631.168554;2014-04-06	14:34:17.443418	1396787657.443418;2014-04-06	14:34:17.657943	1396787657.657943;00:00:00;00:00:26;10;0;1.51006;0;0;0;40;40;40;0;0;0;0;0;0;0;0;0;0;0;0;0;0;0;0;0;0;0;0;0;0;0;0;0;0;0;0;0;0;0;0;0;0;0;0;0;0;0;0;0;0;0;0;0;0;00:00:00:000000;00:00:00:014000;00:00:00:000000;00:00:00:006000;00:00:00:000000;00:00:00:000000;00:00:00:000000;00:00:00:000000;;5;30;3;2;0;0;0;0;0;;0;0;0;0;0;0;0;0;
2014-04-06	14:33:51.168554	1396787631.168554;2014-04-06	14:34:17.666031	1396787657.666031;2014-04-06	14:34:17.863320	1396787657.863320;00:00:00;00:00:26;10;0;1.49846;0;0;0;40;40;40;0;0;0;0;0;0;0;0;0;0;0;0;0;0;0;0;0;0;0;0;0;0;0;0;0;0;0;0;0;0;0;0;0;0;0;0;0;0;0;0;0;0;0;0;0;0;00:00:00:000000;00:00:00:014000;00:00:00:000000;00:00:00:006000;00:00:00:000000;00:00:00:000000;00:00:00:000000;00:00:00:000000;;5;30;3;2;0;0;0;0;0;;0;0;0;0;0;0;0;0;
2014-04-06	14:33:51.168554	1396787631.168554;2014-04-06	14:34:17.863397	1396787657.863397;2014-04-06	14:34:18.073388	1396787658.073388;00:00:00;00:00:26;10;0;1.48677;0;0;0;40;40;40;0;0;0;0;0;0;0;0;0;0;0;0;0;0;0;0;0;0;0;0;0;0;0;0;0;0;0;0;0;0;0;0;0;0;0;0;0;0;0;0;0;0;0;0;0;0;00:00:00:000000;00:00:00:014000;00:00:00:000000;00:00:00:006000;00:00:00:000000;00:00:00:000000;00:00:00:000000;00:00:00:000000;;5;30;3;2;0;0;0;0;0;;0;0;0;0;0;0;0;0;
2014-04-06	14:33:51.168554	1396787631.168554;2014-04-06	14:34:18.073492	1396787658.073492;2014-04-06	14:34:18.283818	1396787658.283818;00:00:00;00:00:27;10;0;1.4752;0;0;0;40;40;40;0;0;0;0;0;0;0;0;0;0;0;0;0;0;0;0;0;0;0;0;0;0;0;0;0;0;0;0;0;0;0;0;0;0;0;0;0;0;0;0;0;0;0;0;0;0;00:00:00:000000;00:00:00:014000;00:00:00:000000;00:00:00:006000;00:00:00:000000;00:00:00:000000;00:00:00:000000;00:00:00:000000;;5;30;3;2;0;0;0;0;0;;0;0;0;0;0;0;0;0;
2014-04-06	14:33:51.168554	1396787631.168554;2014-04-06	14:34:18.283901	1396787658.283901;2014-04-06	14:34:18.493402	1396787658.493402;00:00:00;00:00:27;10;0;1.46391;0;0;0;40;40;40;0;0;0;0;0;0;0;0;0;0;0;0;0;0;0;0;0;0;0;0;0;0;0;0;0;0;0;0;0;0;0;0;0;0;0;0;0;0;0;0;0;0;0;0;0;0;00:00:00:000000;00:00:00:014000;00:00:00:000000;00:00:00:006000;00:00:00:000000;00:00:00:000000;00:00:00:000000;00:00:00:000000;;5;30;3;2;0;0;0;0;0;;0;0;0;0;0;0;0;0;
2014-04-06	14:33:51.168554	1396787631.168554;2014-04-06	14:34:18.493509	1396787658.493509;2014-04-06	14:34:18.703287	1396787658.703287;00:00:00;00:00:27;10;0;1.45275;0;0;0;40;40;40;0;0;0;0;0;0;0;0;0;0;0;0;0;0;0;0;0;0;0;0;0;0;0;0;0;0;0;0;0;0;0;0;0;0;0;0;0;0;0;0;0;0;0;0;0;0;00:00:00:000000;00:00:00:014000;00:00:00:000000;00:00:00:006000;00:00:00:000000;00:00:00:000000;00:00:00:000000;00:00:00:000000;;5;30;3;2;0;0;0;0;0;;0;0;0;0;0;0;0;0;
2014-04-06	14:33:51.168554	1396787631.168554;2014-04-06	14:34:18.703379	1396787658.703379;2014-04-06	14:34:18.913978	1396787658.913978;00:00:00;00:00:27;10;0;1.4417;0;0;0;40;40;40;0;0;0;0;0;0;0;0;0;0;0;0;0;0;0;0;0;0;0;0;0;0;0;0;0;0;0;0;0;0;0;0;0;0;0;0;0;0;0;0;0;0;0;0;0;0;00:00:00:000000;00:00:00:014000;00:00:00:000000;00:00:00:006000;00:00:00:000000;00:00:00:000000;00:00:00:000000;00:00:00:000000;;5;30;3;2;0;0;0;0;0;;0;0;0;0;0;0;0;0;
2014-04-06	14:33:51.168554	1396787631.168554;2014-04-06	14:34:18.914205	1396787658.914205;2014-04-06	14:34:19.123292	1396787659.123292;00:00:00;00:00:27;10;0;1.43092;0;0;0;40;40;40;0;0;0;0;0;0;0;0;0;0;0;0;0;0;0;0;0;0;0;0;0;0;0;0;0;0;0;0;0;0;0;0;0;0;0;0;0;0;0;0;0;0;0;0;0;0;00:00:00:000000;00:00:00:014000;00:00:00:000000;00:00:00:006000;00:00:00:000000;00:00:00:000000;00:00:00:000000;00:00:00:000000;;5;30;3;2;0;0;0;0;0;;0;0;0;0;0;0;0;0;
2014-04-06	14:33:51.168554	1396787631.168554;2014-04-06	14:34:19.123388	1396787659.123388;2014-04-06	14:34:19.333312	1396787659.333312;00:00:00;00:00:28;10;0;1.42025;0;0;0;40;40;40;0;0;0;0;0;0;0;0;0;0;0;0;0;0;0;0;0;0;0;0;0;0;0;0;0;0;0;0;0;0;0;0;0;0;0;0;0;0;0;0;0;0;0;0;0;0;00:00:00:000000;00:00:00:014000;00:00:00:000000;00:00:00:006000;00:00:00:000000;00:00:00:000000;00:00:00:000000;00:00:00:000000;;5;30;3;2;0;0;0;0;0;;0;0;0;0;0;0;0;0;
2014-04-06	14:33:51.168554	1396787631.168554;2014-04-06	14:34:19.333411	1396787659.333411;2014-04-06	14:34:19.544785	1396787659.544785;00:00:00;00:00:28;10;0;1.40964;0;0;0;40;40;40;0;0;0;0;0;0;0;0;0;0;0;0;0;0;0;0;0;0;0;0;0;0;0;0;0;0;0;0;0;0;0;0;0;0;0;0;0;0;0;0;0;0;0;0;0;0;00:00:00:000000;00:00:00:014000;00:00:00:000000;00:00:00:006000;00:00:00:000000;00:00:00:000000;00:00:00:000000;00:00:00:000000;;5;30;3;2;0;0;0;0;0;;0;0;0;0;0;0;0;0;
2014-04-06	14:33:51.168554	1396787631.168554;2014-04-06	14:34:19.544864	1396787659.544864;2014-04-06	14:34:19.758200	1396787659.758200;00:00:00;00:00:28;10;0;1.39914;0;0;0;40;40;40;0;0;0;0;0;0;0;0;0;0;0;0;0;0;0;0;0;0;0;0;0;0;0;0;0;0;0;0;0;0;0;0;0;0;0;0;0;0;0;0;0;0;0;0;0;0;00:00:00:000000;00:00:00:014000;00:00:00:000000;00:00:00:006000;00:00:00:000000;00:00:00:000000;00:00:00:000000;00:00:00:000000;;5;30;3;2;0;0;0;0;0;;0;0;0;0;0;0;0;0;
2014-04-06	14:33:51.168554	1396787631.168554;2014-04-06	14:34:19.758305	1396787659.758305;2014-04-06	14:34:19.964243	1396787659.964243;00:00:00;00:00:28;10;0;1.38913;0;0;0;40;40;40;0;0;0;0;0;0;0;0;0;0;0;0;0;0;0;0;0;0;0;0;0;0;0;0;0;0;0;0;0;0;0;0;0;0;0;0;0;0;0;0;0;0;0;0;0;0;00:00:00:000000;00:00:00:014000;00:00:00:000000;00:00:00:006000;00:00:00:000000;00:00:00:000000;00:00:00:000000;00:00:00:000000;;5;30;3;2;0;0;0;0;0;;0;0;0;0;0;0;0;0;
2014-04-06	14:33:51.168554	1396787631.168554;2014-04-06	14:34:19.964332	1396787659.964332;2014-04-06	14:34:20.173851	1396787660.173851;00:00:00;00:00:29;10;0;1.37907;0;0;0;40;40;40;0;0;0;0;0;0;0;0;0;0;0;0;0;0;0;0;0;0;0;0;0;0;0;0;0;0;0;0;0;0;0;0;0;0;0;0;0;0;0;0;0;0;0;0;0;0;00:00:00:000000;00:00:00:014000;00:00:00:000000;00:00:00:006000;00:00:00:000000;00:00:00:000000;00:00:00:000000;00:00:00:000000;;5;30;3;2;0;0;0;0;0;;0;0;0;0;0;0;0;0;
2014-04-06	14:33:51.168554	1396787631.168554;2014-04-06	14:34:20.173966	1396787660.173966;2014-04-06	14:34:20.390497	1396787660.390497;00:00:00;00:00:29;10;0;1.36888;0;0;0;40;40;40;0;0;0;0;0;0;0;0;0;0;0;0;0;0;0;0;0;0;0;0;0;0;0;0;0;0;0;0;0;0;0;0;0;0;0;0;0;0;0;0;0;0;0;0;0;0;00:00:00:000000;00:00:00:014000;00:00:00:000000;00:00:00:006000;00:00:00:000000;00:00:00:000000;00:00:00:000000;00:00:00:000000;;5;30;3;2;0;0;0;0;0;;0;0;0;0;0;0;0;0;
2014-04-06	14:33:51.168554	1396787631.168554;2014-04-06	14:34:20.390618	1396787660.390618;2014-04-06	14:34:20.593873	1396787660.593873;00:00:00;00:00:29;10;0;1.35939;0;0;0;40;40;40;0;0;0;0;0;0;0;0;0;0;0;0;0;0;0;0;0;0;0;0;0;0;0;0;0;0;0;0;0;0;0;0;0;0;0;0;0;0;0;0;0;0;0;0;0;0;00:00:00:000000;00:00:00:014000;00:00:00:000000;00:00:00:006000;00:00:00:000000;00:00:00:000000;00:00:00:000000;00:00:00:000000;;5;30;3;2;0;0;0;0;0;;0;0;0;0;0;0;0;0;
2014-04-06	14:33:51.168554	1396787631.168554;2014-04-06	14:34:20.594016	1396787660.594016;2014-04-06	14:34:20.803297	1396787660.803297;00:00:00;00:00:29;10;0;1.3498;0;0;0;40;40;40;0;0;0;0;0;0;0;0;0;0;0;0;0;0;0;0;0;0;0;0;0;0;0;0;0;0;0;0;0;0;0;0;0;0;0;0;0;0;0;0;0;0;0;0;0;0;00:00:00:000000;00:00:00:014000;00:00:00:000000;00:00:00:006000;00:00:00:000000;00:00:00:000000;00:00:00:000000;00:00:00:000000;;5;30;3;2;0;0;0;0;0;;0;0;0;0;0;0;0;0;
2014-04-06	14:33:51.168554	1396787631.168554;2014-04-06	14:34:20.803395	1396787660.803395;2014-04-06	14:34:21.013284	1396787661.013284;00:00:00;00:00:29;10;0;1.3403;0;0;0;40;40;40;0;0;0;0;0;0;0;0;0;0;0;0;0;0;0;0;0;0;0;0;0;0;0;0;0;0;0;0;0;0;0;0;0;0;0;0;0;0;0;0;0;0;0;0;0;0;00:00:00:000000;00:00:00:014000;00:00:00:000000;00:00:00:006000;00:00:00:000000;00:00:00:000000;00:00:00:000000;00:00:00:000000;;5;30;3;2;0;0;0;0;0;;0;0;0;0;0;0;0;0;
2014-04-06	14:33:51.168554	1396787631.168554;2014-04-06	14:34:21.013388	1396787661.013388;2014-04-06	14:34:21.223288	1396787661.223288;00:00:00;00:00:30;10;0;1.33094;0;0;0;40;40;40;0;0;0;0;0;0;0;0;0;0;0;0;0;0;0;0;0;0;0;0;0;0;0;0;0;0;0;0;0;0;0;0;0;0;0;0;0;0;0;0;0;0;0;0;0;0;00:00:00:000000;00:00:00:014000;00:00:00:000000;00:00:00:006000;00:00:00:000000;00:00:00:000000;00:00:00:000000;00:00:00:000000;;5;30;3;2;0;0;0;0;0;;0;0;0;0;0;0;0;0;
2014-04-06	14:33:51.168554	1396787631.168554;2014-04-06	14:34:21.223391	1396787661.223391;2014-04-06	14:34:21.433373	1396787661.433373;00:00:00;00:00:30;10;0;1.3217;0;0;0;40;40;40;0;0;0;0;0;0;0;0;0;0;0;0;0;0;0;0;0;0;0;0;0;0;0;0;0;0;0;0;0;0;0;0;0;0;0;0;0;0;0;0;0;0;0;0;0;0;00:00:00:000000;00:00:00:014000;00:00:00:000000;00:00:00:006000;00:00:00:000000;00:00:00:000000;00:00:00:000000;00:00:00:000000;;5;30;3;2;0;0;0;0;0;;0;0;0;0;0;0;0;0;
2014-04-06	14:33:51.168554	1396787631.168554;2014-04-06	14:34:21.433560	1396787661.433560;2014-04-06	14:34:21.643281	1396787661.643281;00:00:00;00:00:30;10;0;1.31259;0;0;0;40;40;40;0;0;0;0;0;0;0;0;0;0;0;0;0;0;0;0;0;0;0;0;0;0;0;0;0;0;0;0;0;0;0;0;0;0;0;0;0;0;0;0;0;0;0;0;0;0;00:00:00:000000;00:00:00:014000;00:00:00:000000;00:00:00:006000;00:00:00:000000;00:00:00:000000;00:00:00:000000;00:00:00:000000;;5;30;3;2;0;0;0;0;0;;0;0;0;0;0;0;0;0;
2014-04-06	14:33:51.168554	1396787631.168554;2014-04-06	14:34:21.643401	1396787661.643401;2014-04-06	14:34:21.853268	1396787661.853268;00:00:00;00:00:30;10;0;1.30361;0;0;0;40;40;40;0;0;0;0;0;0;0;0;0;0;0;0;0;0;0;0;0;0;0;0;0;0;0;0;0;0;0;0;0;0;0;0;0;0;0;0;0;0;0;0;0;0;0;0;0;0;00:00:00:000000;00:00:00:014000;00:00:00:000000;00:00:00:006000;00:00:00:000000;00:00:00:000000;00:00:00:000000;00:00:00:000000;;5;30;3;2;0;0;0;0;0;;0;0;0;0;0;0;0;0;
2014-04-06	14:33:51.168554	1396787631.168554;2014-04-06	14:34:21.853361	1396787661.853361;2014-04-06	14:34:22.063284	1396787662.063284;00:00:00;00:00:30;10;0;1.29475;0;0;0;40;40;40;0;0;0;0;0;0;0;0;0;0;0;0;0;0;0;0;0;0;0;0;0;0;0;0;0;0;0;0;0;0;0;0;0;0;0;0;0;0;0;0;0;0;0;0;0;0;00:00:00:000000;00:00:00:014000;00:00:00:000000;00:00:00:006000;00:00:00:000000;00:00:00:000000;00:00:00:000000;00:00:00:000000;;5;30;3;2;0;0;0;0;0;;0;0;0;0;0;0;0;0;
2014-04-06	14:33:51.168554	1396787631.168554;2014-04-06	14:34:22.063376	1396787662.063376;2014-04-06	14:34:22.274037	1396787662.274037;00:00:00;00:00:31;10;0;1.28597;0;0;0;40;40;40;0;0;0;0;0;0;0;0;0;0;0;0;0;0;0;0;0;0;0;0;0;0;0;0;0;0;0;0;0;0;0;0;0;0;0;0;0;0;0;0;0;0;0;0;0;0;00:00:00:000000;00:00:00:014000;00:00:00:000000;00:00:00:006000;00:00:00:000000;00:00:00:000000;00:00:00:000000;00:00:00:000000;;5;30;3;2;0;0;0;0;0;;0;0;0;0;0;0;0;0;
2014-04-06	14:33:51.168554	1396787631.168554;2014-04-06	14:34:22.274142	1396787662.274142;2014-04-06	14:34:22.483286	1396787662.483286;00:00:00;00:00:31;10;0;1.27738;0;0;0;40;40;40;0;0;0;0;0;0;0;0;0;0;0;0;0;0;0;0;0;0;0;0;0;0;0;0;0;0;0;0;0;0;0;0;0;0;0;0;0;0;0;0;0;0;0;0;0;0;00:00:00:000000;00:00:00:014000;00:00:00:000000;00:00:00:006000;00:00:00:000000;00:00:00:000000;00:00:00:000000;00:00:00:000000;;5;30;3;2;0;0;0;0;0;;0;0;0;0;0;0;0;0;
2014-04-06	14:33:51.168554	1396787631.168554;2014-04-06	14:34:22.483385	1396787662.483385;2014-04-06	14:34:22.690543	1396787662.690543;00:00:00;00:00:31;10;0;1.269;0;0;0;40;40;40;0;0;0;0;0;0;0;0;0;0;0;0;0;0;0;0;0;0;0;0;0;0;0;0;0;0;0;0;0;0;0;0;0;0;0;0;0;0;0;0;0;0;0;0;0;0;00:00:00:000000;00:00:00:014000;00:00:00:000000;00:00:00:006000;00:00:00:000000;00:00:00:000000;00:00:00:000000;00:00:00:000000;;5;30;3;2;0;0;0;0;0;;0;0;0;0;0;0;0;0;
2014-04-06	14:33:51.168554	1396787631.168554;2014-04-06	14:34:22.695382	1396787662.695382;2014-04-06	14:34:22.893315	1396787662.893315;00:00:00;00:00:31;10;0;1.26088;0;0;0;40;40;40;0;0;0;0;0;0;0;0;0;0;0;0;0;0;0;0;0;0;0;0;0;0;0;0;0;0;0;0;0;0;0;0;0;0;0;0;0;0;0;0;0;0;0;0;0;0;00:00:00:000000;00:00:00:014000;00:00:00:000000;00:00:00:006000;00:00:00:000000;00:00:00:000000;00:00:00:000000;00:00:00:000000;;5;30;3;2;0;0;0;0;0;;0;0;0;0;0;0;0;0;
2014-04-06	14:33:51.168554	1396787631.168554;2014-04-06	14:34:22.893594	1396787662.893594;2014-04-06	14:34:23.094072	1396787663.094072;00:00:00;00:00:31;10;0;1.25294;0;0;0;40;40;40;0;0;0;0;0;0;0;0;0;0;0;0;0;0;0;0;0;0;0;0;0;0;0;0;0;0;0;0;0;0;0;0;0;0;0;0;0;0;0;0;0;0;0;0;0;0;00:00:00:000000;00:00:00:014000;00:00:00:000000;00:00:00:006000;00:00:00:000000;00:00:00:000000;00:00:00:000000;00:00:00:000000;;5;30;3;2;0;0;0;0;0;;0;0;0;0;0;0;0;0;
2014-04-06	14:33:51.168554	1396787631.168554;2014-04-06	14:34:23.094157	1396787663.094157;2014-04-06	14:34:23.303455	1396787663.303455;00:00:00;00:00:32;10;0;1.24479;0;0;0;40;40;40;0;0;0;0;0;0;0;0;0;0;0;0;0;0;0;0;0;0;0;0;0;0;0;0;0;0;0;0;0;0;0;0;0;0;0;0;0;0;0;0;0;0;0;0;0;0;00:00:00:000000;00:00:00:014000;00:00:00:000000;00:00:00:006000;00:00:00:000000;00:00:00:000000;00:00:00:000000;00:00:00:000000;;5;30;3;2;0;0;0;0;0;;0;0;0;0;0;0;0;0;
2014-04-06	14:33:51.168554	1396787631.168554;2014-04-06	14:34:23.303654	1396787663.303654;2014-04-06	14:34:23.514201	1396787663.514201;00:00:00;00:00:32;10;0;1.23667;0;0;0;40;40;40;0;0;0;0;0;0;0;0;0;0;0;0;0;0;0;0;0;0;0;0;0;0;0;0;0;0;0;0;0;0;0;0;0;0;0;0;0;0;0;0;0;0;0;0;0;0;00:00:00:000000;00:00:00:014000;00:00:00:000000;00:00:00:006000;00:00:00:000000;00:00:00:000000;00:00:00:000000;00:00:00:000000;;5;30;3;2;0;0;0;0;0;;0;0;0;0;0;0;0;0;
2014-04-06	14:33:51.168554	1396787631.168554;2014-04-06	14:34:23.514290	1396787663.514290;2014-04-06	14:34:23.721841	1396787663.721841;00:00:00;00:00:32;10;0;1.22877;0;0;0;40;40;40;0;0;0;0;0;0;0;0;0;0;0;0;0;0;0;0;0;0;0;0;0;0;0;0;0;0;0;0;0;0;0;0;0;0;0;0;0;0;0;0;0;0;0;0;0;0;00:00:00:000000;00:00:00:014000;00:00:00:000000;00:00:00:006000;00:00:00:000000;00:00:00:000000;00:00:00:000000;00:00:00:000000;;5;30;3;2;0;0;0;0;0;;0;0;0;0;0;0;0;0;
2014-04-06	14:33:51.168554	1396787631.168554;2014-04-06	14:34:23.721960	1396787663.721960;2014-04-06	14:34:23.935711	1396787663.935711;00:00:00;00:00:32;10;0;1.22074;0;0;0;40;40;40;0;0;0;0;0;0;0;0;0;0;0;0;0;0;0;0;0;0;0;0;0;0;0;0;0;0;0;0;0;0;0;0;0;0;0;0;0;0;0;0;0;0;0;0;0;0;00:00:00:000000;00:00:00:014000;00:00:00:000000;00:00:00:006000;00:00:00:000000;00:00:00:000000;00:00:00:000000;00:00:00:000000;;5;30;3;2;0;0;0;0;0;;0;0;0;0;0;0;0;0;
2014-04-06	14:33:51.168554	1396787631.168554;2014-04-06	14:34:23.935809	1396787663.935809;2014-04-06	14:34:24.149412	1396787664.149412;00:00:00;00:00:32;10;0;1.21286;0;0;0;40;40;40;0;0;0;0;0;0;0;0;0;0;0;0;0;0;0;0;0;0;0;0;0;0;0;0;0;0;0;0;0;0;0;0;0;0;0;0;0;0;0;0;0;0;0;0;0;0;00:00:00:000000;00:00:00:014000;00:00:00:000000;00:00:00:006000;00:00:00:000000;00:00:00:000000;00:00:00:000000;00:00:00:000000;;5;30;3;2;0;0;0;0;0;;0;0;0;0;0;0;0;0;
2014-04-06	14:33:51.168554	1396787631.168554;2014-04-06	14:34:24.149539	1396787664.149539;2014-04-06	14:34:24.368650	1396787664.368650;00:00:00;00:00:33;10;0;1.20482;0;0;0;40;40;40;0;0;0;0;0;0;0;0;0;0;0;0;0;0;0;0;0;0;0;0;0;0;0;0;0;0;0;0;0;0;0;0;0;0;0;0;0;0;0;0;0;0;0;0;0;0;00:00:00:000000;00:00:00:014000;00:00:00:000000;00:00:00:006000;00:00:00:000000;00:00:00:000000;00:00:00:000000;00:00:00:000000;;5;30;3;2;0;0;0;0;0;;0;0;0;0;0;0;0;0;
2014-04-06	14:33:51.168554	1396787631.168554;2014-04-06	14:34:24.368731	1396787664.368731;2014-04-06	14:34:24.576841	1396787664.576841;00:00:00;00:00:33;10;0;1.19732;0;0;0;40;40;40;0;0;0;0;0;0;0;0;0;0;0;0;0;0;0;0;0;0;0;0;0;0;0;0;0;0;0;0;0;0;0;0;0;0;0;0;0;0;0;0;0;0;0;0;0;0;00:00:00:000000;00:00:00:014000;00:00:00:000000;00:00:00:006000;00:00:00:000000;00:00:00:000000;00:00:00:000000;00:00:00:000000;;5;30;3;2;0;0;0;0;0;;0;0;0;0;0;0;0;0;
2014-04-06	14:33:51.168554	1396787631.168554;2014-04-06	14:34:24.578461	1396787664.578461;2014-04-06	14:34:24.783288	1396787664.783288;00:00:00;00:00:33;10;0;1.18998;0;0;0;40;40;40;0;0;0;0;0;0;0;0;0;0;0;0;0;0;0;0;0;0;0;0;0;0;0;0;0;0;0;0;0;0;0;0;0;0;0;0;0;0;0;0;0;0;0;0;0;0;00:00:00:000000;00:00:00:014000;00:00:00:000000;00:00:00:006000;00:00:00:000000;00:00:00:000000;00:00:00:000000;00:00:00:000000;;5;30;3;2;0;0;0;0;0;;0;0;0;0;0;0;0;0;
2014-04-06	14:33:51.168554	1396787631.168554;2014-04-06	14:34:24.783396	1396787664.783396;2014-04-06	14:34:24.993435	1396787664.993435;00:00:00;00:00:33;10;0;1.18259;0;0;0;40;40;40;0;0;0;0;0;0;0;0;0;0;0;0;0;0;0;0;0;0;0;0;0;0;0;0;0;0;0;0;0;0;0;0;0;0;0;0;0;0;0;0;0;0;0;0;0;0;00:00:00:000000;00:00:00:014000;00:00:00:000000;00:00:00:006000;00:00:00:000000;00:00:00:000000;00:00:00:000000;00:00:00:000000;;5;30;3;2;0;0;0;0;0;;0;0;0;0;0;0;0;0;
2014-04-06	14:33:51.168554	1396787631.168554;2014-04-06	14:34:24.993583	1396787664.993583;2014-04-06	14:34:25.203380	1396787665.203380;00:00:00;00:00:34;10;0;1.1753;0;0;0;40;40;40;0;0;0;0;0;0;0;0;0;0;0;0;0;0;0;0;0;0;0;0;0;0;0;0;0;0;0;0;0;0;0;0;0;0;0;0;0;0;0;0;0;0;0;0;0;0;00:00:00:000000;00:00:00:014000;00:00:00:000000;00:00:00:006000;00:00:00:000000;00:00:00:000000;00:00:00:000000;00:00:00:000000;;5;30;3;2;0;0;0;0;0;;0;0;0;0;0;0;0;0;
2014-04-06	14:33:51.168554	1396787631.168554;2014-04-06	14:34:25.204763	1396787665.204763;2014-04-06	14:34:25.414203	1396787665.414203;00:00:00;00:00:34;10;0;1.16805;0;0;0;40;40;40;0;0;0;0;0;0;0;0;0;0;0;0;0;0;0;0;0;0;0;0;0;0;0;0;0;0;0;0;0;0;0;0;0;0;0;0;0;0;0;0;0;0;0;0;0;0;00:00:00:000000;00:00:00:014000;00:00:00:000000;00:00:00:006000;00:00:00:000000;00:00:00:000000;00:00:00:000000;00:00:00:000000;;5;30;3;2;0;0;0;0;0;;0;0;0;0;0;0;0;0;
2014-04-06	14:33:51.168554	1396787631.168554;2014-04-06	14:34:25.414293	1396787665.414293;2014-04-06	14:34:25.615095	1396787665.615095;00:00:00;00:00:34;10;0;1.16124;0;0;0;40;40;40;0;0;0;0;0;0;0;0;0;0;0;0;0;0;0;0;0;0;0;0;0;0;0;0;0;0;0;0;0;0;0;0;0;0;0;0;0;0;0;0;0;0;0;0;0;0;00:00:00:000000;00:00:00:014000;00:00:00:000000;00:00:00:006000;00:00:00:000000;00:00:00:000000;00:00:00:000000;00:00:00:000000;;5;30;3;2;0;0;0;0;0;;0;0;0;0;0;0;0;0;
2014-04-06	14:33:51.168554	1396787631.168554;2014-04-06	14:34:25.615281	1396787665.615281;2014-04-06	14:34:25.823473	1396787665.823473;00:00:00;00:00:34;10;0;1.15427;0;0;0;40;40;40;0;0;0;0;0;0;0;0;0;0;0;0;0;0;0;0;0;0;0;0;0;0;0;0;0;0;0;0;0;0;0;0;0;0;0;0;0;0;0;0;0;0;0;0;0;0;00:00:00:000000;00:00:00:014000;00:00:00:000000;00:00:00:006000;00:00:00:000000;00:00:00:000000;00:00:00:000000;00:00:00:000000;;5;30;3;2;0;0;0;0;0;;0;0;0;0;0;0;0;0;
2014-04-06	14:33:51.168554	1396787631.168554;2014-04-06	14:34:25.856096	1396787665.856096;2014-04-06	14:34:26.033292	1396787666.033292;00:00:00;00:00:34;10;0;1.14732;0;0;0;40;40;40;0;0;0;0;0;0;0;0;0;0;0;0;0;0;0;0;0;0;0;0;0;0;0;0;0;0;0;0;0;0;0;0;0;0;0;0;0;0;0;0;0;0;0;0;0;0;00:00:00:000000;00:00:00:014000;00:00:00:000000;00:00:00:006000;00:00:00:000000;00:00:00:000000;00:00:00:000000;00:00:00:000000;;5;30;3;2;0;0;0;0;0;;0;0;0;0;0;0;0;0;
2014-04-06	14:33:51.168554	1396787631.168554;2014-04-06	14:34:26.033383	1396787666.033383;2014-04-06	14:34:26.234059	1396787666.234059;00:00:00;00:00:35;10;0;1.14074;0;0;0;40;40;40;0;0;0;0;0;0;0;0;0;0;0;0;0;0;0;0;0;0;0;0;0;0;0;0;0;0;0;0;0;0;0;0;0;0;0;0;0;0;0;0;0;0;0;0;0;0;00:00:00:000000;00:00:00:014000;00:00:00:000000;00:00:00:006000;00:00:00:000000;00:00:00:000000;00:00:00:000000;00:00:00:000000;;5;30;3;2;0;0;0;0;0;;0;0;0;0;0;0;0;0;
2014-04-06	14:33:51.168554	1396787631.168554;2014-04-06	14:34:26.234158	1396787666.234158;2014-04-06	14:34:26.438788	1396787666.438788;00:00:00;00:00:35;10;0;1.13411;0;0;0;40;40;40;0;0;0;0;0;0;0;0;0;0;0;0;0;0;0;0;0;0;0;0;0;0;0;0;0;0;0;0;0;0;0;0;0;0;0;0;0;0;0;0;0;0;0;0;0;0;00:00:00:000000;00:00:00:014000;00:00:00:000000;00:00:00:006000;00:00:00:000000;00:00:00:000000;00:00:00:000000;00:00:00:000000;;5;30;3;2;0;0;0;0;0;;0;0;0;0;0;0;0;0;
2014-04-06	14:33:51.168554	1396787631.168554;2014-04-06	14:34:26.438900	1396787666.438900;2014-04-06	14:34:26.643301	1396787666.643301;00:00:00;00:00:35;10;0;1.12759;0;0;0;40;40;40;0;0;0;0;0;0;0;0;0;0;0;0;0;0;0;0;0;0;0;0;0;0;0;0;0;0;0;0;0;0;0;0;0;0;0;0;0;0;0;0;0;0;0;0;0;0;00:00:00:000000;00:00:00:014000;00:00:00:000000;00:00:00:006000;00:00:00:000000;00:00:00:000000;00:00:00:000000;00:00:00:000000;;5;30;3;2;0;0;0;0;0;;0;0;0;0;0;0;0;0;
2014-04-06	14:33:51.168554	1396787631.168554;2014-04-06	14:34:26.643380	1396787666.643380;2014-04-06	14:34:26.846545	1396787666.846545;00:00:00;00:00:35;10;0;1.12117;0;0;0;40;40;40;0;0;0;0;0;0;0;0;0;0;0;0;0;0;0;0;0;0;0;0;0;0;0;0;0;0;0;0;0;0;0;0;0;0;0;0;0;0;0;0;0;0;0;0;0;0;00:00:00:000000;00:00:00:014000;00:00:00:000000;00:00:00:006000;00:00:00:000000;00:00:00:000000;00:00:00:000000;00:00:00:000000;;5;30;3;2;0;0;0;0;0;;0;0;0;0;0;0;0;0;
2014-04-06	14:33:51.168554	1396787631.168554;2014-04-06	14:34:26.846649	1396787666.846649;2014-04-06	14:34:27.058440	1396787667.058440;00:00:00;00:00:35;10;0;1.11455;0;0;0;40;40;40;0;0;0;0;0;0;0;0;0;0;0;0;0;0;0;0;0;0;0;0;0;0;0;0;0;0;0;0;0;0;0;0;0;0;0;0;0;0;0;0;0;0;0;0;0;0;00:00:00:000000;00:00:00:014000;00:00:00:000000;00:00:00:006000;00:00:00:000000;00:00:00:000000;00:00:00:000000;00:00:00:000000;;5;30;3;2;0;0;0;0;0;;0;0;0;0;0;0;0;0;
2014-04-06	14:33:51.168554	1396787631.168554;2014-04-06	14:34:27.058533	1396787667.058533;2014-04-06	14:34:27.264411	1396787667.264411;00:00:00;00:00:36;10;0;1.10819;0;0;0;40;40;40;0;0;0;0;0;0;0;0;0;0;0;0;0;0;0;0;0;0;0;0;0;0;0;0;0;0;0;0;0;0;0;0;0;0;0;0;0;0;0;0;0;0;0;0;0;0;00:00:00:000000;00:00:00:014000;00:00:00:000000;00:00:00:006000;00:00:00:000000;00:00:00:000000;00:00:00:000000;00:00:00:000000;;5;30;3;2;0;0;0;0;0;;0;0;0;0;0;0;0;0;
2014-04-06	14:33:51.168554	1396787631.168554;2014-04-06	14:34:27.264619	1396787667.264619;2014-04-06	14:34:27.465390	1396787667.465390;00:00:00;00:00:36;10;0;1.10205;0;0;0;40;40;40;0;0;0;0;0;0;0;0;0;0;0;0;0;0;0;0;0;0;0;0;0;0;0;0;0;0;0;0;0;0;0;0;0;0;0;0;0;0;0;0;0;0;0;0;0;0;00:00:00:000000;00:00:00:014000;00:00:00:000000;00:00:00:006000;00:00:00:000000;00:00:00:000000;00:00:00:000000;00:00:00:000000;;5;30;3;2;0;0;0;0;0;;0;0;0;0;0;0;0;0;
2014-04-06	14:33:51.168554	1396787631.168554;2014-04-06	14:34:27.465465	1396787667.465465;2014-04-06	14:34:27.673336	1396787667.673336;00:00:00;00:00:36;10;0;1.09577;0;0;0;40;40;40;0;0;0;0;0;0;0;0;0;0;0;0;0;0;0;0;0;0;0;0;0;0;0;0;0;0;0;0;0;0;0;0;0;0;0;0;0;0;0;0;0;0;0;0;0;0;00:00:00:000000;00:00:00:014000;00:00:00:000000;00:00:00:006000;00:00:00:000000;00:00:00:000000;00:00:00:000000;00:00:00:000000;;5;30;3;2;0;0;0;0;0;;0;0;0;0;0;0;0;0;
2014-04-06	14:33:51.168554	1396787631.168554;2014-04-06	14:34:27.673426	1396787667.673426;2014-04-06	14:34:27.888099	1396787667.888099;00:00:00;00:00:36;10;0;1.08935;0;0;0;40;40;40;0;0;0;0;0;0;0;0;0;0;0;0;0;0;0;0;0;0;0;0;0;0;0;0;0;0;0;0;0;0;0;0;0;0;0;0;0;0;0;0;0;0;0;0;0;0;00:00:00:000000;00:00:00:014000;00:00:00:000000;00:00:00:006000;00:00:00:000000;00:00:00:000000;00:00:00:000000;00:00:00:000000;;5;30;3;2;0;0;0;0;0;;0;0;0;0;0;0;0;0;
2014-04-06	14:33:51.168554	1396787631.168554;2014-04-06	14:34:27.888262	1396787667.888262;2014-04-06	14:34:28.093307	1396787668.093307;00:00:00;00:00:36;10;0;1.08331;0;0;0;40;40;40;0;0;0;0;0;0;0;0;0;0;0;0;0;0;0;0;0;0;0;0;0;0;0;0;0;0;0;0;0;0;0;0;0;0;0;0;0;0;0;0;0;0;0;0;0;0;00:00:00:000000;00:00:00:014000;00:00:00:000000;00:00:00:006000;00:00:00:000000;00:00:00:000000;00:00:00:000000;00:00:00:000000;;5;30;3;2;0;0;0;0;0;;0;0;0;0;0;0;0;0;
2014-04-06	14:33:51.168554	1396787631.168554;2014-04-06	14:34:28.093440	1396787668.093440;2014-04-06	14:34:28.303295	1396787668.303295;00:00:00;00:00:37;10;0;1.07718;0;0;0;40;40;40;0;0;0;0;0;0;0;0;0;0;0;0;0;0;0;0;0;0;0;0;0;0;0;0;0;0;0;0;0;0;0;0;0;0;0;0;0;0;1;1;0;0;0;0;0;0;00:00:00:000000;00:00:00:014000;00:00:00:000000;00:00:00:006000;00:00:00:000000;00:00:00:000000;00:00:00:000000;00:00:00:000000;;5;30;3;2;0;0;0;0;0;;0;0;0;0;0;0;0;0;
2014-04-06	14:33:51.168554	1396787631.168554;2014-04-06	14:34:28.303403	1396787668.303403;2014-04-06	14:34:28.513840	1396787668.513840;00:00:00;00:00:37;10;0;1.07109;0;0;0;40;40;40;0;0;0;0;0;0;0;0;0;0;0;0;0;0;0;0;0;0;0;0;0;0;0;0;0;0;0;0;0;0;0;0;0;0;0;0;0;0;0;1;0;0;0;0;0;0;00:00:00:000000;00:00:00:014000;00:00:00:000000;00:00:00:006000;00:00:00:000000;00:00:00:000000;00:00:00:000000;00:00:00:000000;;5;30;3;2;0;0;0;0;0;;0;0;0;0;0;0;0;0;
2014-04-06	14:33:51.168554	1396787631.168554;2014-04-06	14:34:28.513971	1396787668.513971;2014-04-06	14:34:28.723320	1396787668.723320;00:00:00;00:00:37;10;0;1.06513;0;0;0;40;40;40;0;0;0;0;0;0;0;0;0;0;0;0;0;0;0;0;0;0;0;0;0;0;0;0;0;0;0;0;0;0;0;0;0;0;0;0;0;0;0;1;0;0;0;0;0;0;00:00:00:000000;00:00:00:014000;00:00:00:000000;00:00:00:006000;00:00:00:000000;00:00:00:000000;00:00:00:000000;00:00:00:000000;;5;30;3;2;0;0;0;0;0;;0;0;0;0;0;0;0;0;
2014-04-06	14:33:51.168554	1396787631.168554;2014-04-06	14:34:28.723399	1396787668.723399;2014-04-06	14:34:28.924127	1396787668.924127;00:00:00;00:00:37;10;0;1.05946;0;0;0;40;40;40;0;0;0;0;0;0;0;0;0;0;0;0;0;0;0;0;0;0;0;0;0;0;0;0;0;0;0;0;0;0;0;0;0;0;0;0;0;0;2;3;0;0;0;0;0;0;00:00:00:000000;00:00:00:014000;00:00:00:000000;00:00:00:006000;00:00:00:000000;00:00:00:000000;00:00:00:000000;00:00:00:000000;;5;30;3;2;0;0;0;0;0;;0;0;0;0;0;0;0;0;
2014-04-06	14:33:51.168554	1396787631.168554;2014-04-06	14:34:28.924218	1396787668.924218;2014-04-06	14:34:29.134197	1396787669.134197;00:00:00;00:00:37;10;0;1.0536;0;0;0;40;40;40;0;0;0;0;0;0;0;0;0;0;0;0;0;0;0;0;0;0;0;0;0;0;0;0;0;0;0;0;0;0;0;0;0;0;0;0;0;0;2;5;0;0;0;0;0;0;00:00:00:000000;00:00:00:014000;00:00:00:000000;00:00:00:006000;00:00:00:000000;00:00:00:000000;00:00:00:000000;00:00:00:000000;;5;30;3;2;0;0;0;0;0;;0;0;0;0;0;0;0;0;
2014-04-06	14:33:51.168554	1396787631.168554;2014-04-06	14:34:29.134487	1396787669.134487;2014-04-06	14:34:29.343314	1396787669.343314;00:00:00;00:00:38;10;0;1.04783;0;0;0;40;40;40;0;0;0;0;0;0;0;0;0;0;0;0;0;0;0;0;0;0;0;0;0;0;0;0;0;0;0;0;0;0;0;0;0;0;0;0;0;0;0;5;0;0;0;0;0;0;00:00:00:000000;00:00:00:014000;00:00:00:000000;00:00:00:006000;00:00:00:000000;00:00:00:000000;00:00:00:000000;00:00:00:000000;;5;30;3;2;0;0;0;0;0;;0;0;0;0;0;0;0;0;
2014-04-06	14:33:51.168554	1396787631.168554;2014-04-06	14:34:29.343390	1396787669.343390;2014-04-06	14:34:29.544023	1396787669.544023;00:00:00;00:00:38;10;0;1.04235;0;0;0;40;40;40;0;0;0;0;0;0;0;0;0;0;0;0;0;0;0;0;0;0;0;0;0;0;0;0;0;0;0;0;0;0;0;0;0;0;0;0;0;0;0;5;0;0;0;0;0;0;00:00:00:000000;00:00:00:014000;00:00:00:000000;00:00:00:006000;00:00:00:000000;00:00:00:000000;00:00:00:000000;00:00:00:000000;;5;30;3;2;0;0;0;0;0;;0;0;0;0;0;0;0;0;
2014-04-06	14:33:51.168554	1396787631.168554;2014-04-06	14:34:29.544122	1396787669.544122;2014-04-06	14:34:29.755481	1396787669.755481;00:00:00;00:00:38;10;0;1.03665;0;0;0;40;40;40;0;0;0;0;0;0;0;0;0;0;0;0;0;0;0;0;0;0;0;0;0;0;0;0;0;0;0;0;0;0;0;0;0;0;0;0;0;0;0;5;0;0;0;0;0;0;00:00:00:000000;00:00:00:014000;00:00:00:000000;00:00:00:006000;00:00:00:000000;00:00:00:000000;00:00:00:000000;00:00:00:000000;;5;30;3;2;0;0;0;0;0;;0;0;0;0;0;0;0;0;
2014-04-06	14:33:51.168554	1396787631.168554;2014-04-06	14:34:29.755571	1396787669.755571;2014-04-06	14:34:29.969107	1396787669.969107;00:00:00;00:00:38;10;0;1.03093;0;0;0;40;40;40;0;0;0;0;0;0;0;0;0;0;0;0;0;0;0;0;0;0;0;0;0;0;0;0;0;0;0;0;0;0;0;0;0;0;0;0;0;0;2;7;0;0;0;0;0;0;00:00:00:000000;00:00:00:014000;00:00:00:000000;00:00:00:006000;00:00:00:000000;00:00:00:000000;00:00:00:000000;00:00:00:000000;;5;30;3;2;0;0;0;0;0;;0;0;0;0;0;0;0;0;
2014-04-06	14:33:51.168554	1396787631.168554;2014-04-06	14:34:29.969415	1396787669.969415;2014-04-06	14:34:30.179379	1396787670.179379;00:00:00;00:00:39;10;0;1.02538;0;0;0;40;40;40;0;0;0;0;0;0;0;0;0;0;0;0;0;0;0;0;0;0;0;0;0;0;0;0;0;0;0;0;0;0;0;0;0;0;0;0;0;0;2;9;0;0;0;0;0;0;00:00:00:000000;00:00:00:014000;00:00:00:000000;00:00:00:006000;00:00:00:000000;00:00:00:000000;00:00:00:000000;00:00:00:000000;;5;30;3;2;0;0;0;0;0;;0;0;0;0;0;0;0;0;
2014-04-06	14:33:51.168554	1396787631.168554;2014-04-06	14:34:30.179466	1396787670.179466;2014-04-06	14:34:30.383284	1396787670.383284;00:00:00;00:00:39;10;0;1.02004;0;0;0;40;40;40;0;0;0;0;0;0;0;0;0;0;0;0;0;0;0;0;0;0;0;0;0;0;0;0;0;0;0;0;0;0;0;0;0;0;0;0;0;0;0;9;0;0;0;0;0;0;00:00:00:000000;00:00:00:014000;00:00:00:000000;00:00:00:006000;00:00:00:000000;00:00:00:000000;00:00:00:000000;00:00:00:000000;;5;30;3;2;0;0;0;0;0;;0;0;0;0;0;0;0;0;
2014-04-06	14:33:51.168554	1396787631.168554;2014-04-06	14:34:30.383391	1396787670.383391;2014-04-06	14:34:30.584194	1396787670.584194;00:00:00;00:00:39;10;0;1.01484;0;0;0;40;40;40;0;0;0;0;0;0;0;0;0;0;0;0;0;0;0;0;0;0;0;0;0;0;0;0;0;0;0;0;0;0;0;0;0;0;0;0;0;0;0;9;0;0;0;0;0;0;00:00:00:000000;00:00:00:014000;00:00:00:000000;00:00:00:006000;00:00:00:000000;00:00:00:000000;00:00:00:000000;00:00:00:000000;;5;30;3;2;0;0;0;0;0;;0;0;0;0;0;0;0;0;
2014-04-06	14:33:51.168554	1396787631.168554;2014-04-06	14:34:30.584279	1396787670.584279;2014-04-06	14:34:30.799705	1396787670.799705;00:00:00;00:00:39;10;0;1.00931;0;0;0;40;40;40;0;0;0;0;0;0;0;0;0;0;0;0;0;0;0;0;0;0;0;0;0;0;0;0;0;0;0;0;0;0;0;0;0;0;0;0;0;0;1;10;0;0;0;0;0;0;00:00:00:000000;00:00:00:014000;00:00:00:000000;00:00:00:006000;00:00:00:000000;00:00:00:000000;00:00:00:000000;00:00:00:000000;;5;30;3;2;0;0;0;0;0;;0;0;0;0;0;0;0;0;
2014-04-06	14:33:51.168554	1396787631.168554;2014-04-06	14:34:30.799821	1396787670.799821;2014-04-06	14:34:31.003398	1396787671.003398;00:00:00;00:00:39;10;0;1.00417;0;0;0;40;40;40;0;0;0;0;0;0;0;0;0;0;0;0;0;0;0;0;0;0;0;0;0;0;0;0;0;0;0;0;0;0;0;0;0;0;0;0;0;0;1;11;0;0;0;0;0;0;00:00:00:000000;00:00:00:014000;00:00:00:000000;00:00:00:006000;00:00:00:000000;00:00:00:000000;00:00:00:000000;00:00:00:000000;;5;30;3;2;0;0;0;0;0;;0;0;0;0;0;0;0;0;
2014-04-06	14:33:51.168554	1396787631.168554;2014-04-06	14:34:31.003598	1396787671.003598;2014-04-06	14:34:31.204159	1396787671.204159;00:00:00;00:00:40;10;0;0.999126;0;0;0;40;40;40;0;0;0;0;0;0;0;0;0;0;0;0;0;0;0;0;0;0;0;0;0;0;0;0;0;0;0;0;0;0;0;0;0;0;0;0;0;0;1;12;0;0;0;0;0;0;00:00:00:000000;00:00:00:014000;00:00:00:000000;00:00:00:006000;00:00:00:000000;00:00:00:000000;00:00:00:000000;00:00:00:000000;;5;30;3;2;0;0;0;0;0;;0;0;0;0;0;0;0;0;
2014-04-06	14:33:51.168554	1396787631.168554;2014-04-06	14:34:31.204266	1396787671.204266;2014-04-06	14:34:31.414317	1396787671.414317;00:00:00;00:00:40;10;0;0.993912;0;0;0;40;40;38;2;2;0;0;0;0;0;0;0;0;0;0;0;0;0;0;0;0;0;0;0;0;0;0;0;0;0;0;0;0;0;0;0;0;0;0;0;0;0;12;0;0;0;0;0;0;00:00:00:000000;00:00:00:014000;00:00:00:000000;00:00:00:006000;00:00:39:989000;00:00:39:989000;00:00:00:002000;00:00:00:002000;;5;30;3;2;0;0;0;0;0;;0;0;0;0;0;0;0;2;
2014-04-06	14:33:51.168554	1396787631.168554;2014-04-06	14:34:31.414441	1396787671.414441;2014-04-06	14:34:31.623344	1396787671.623344;00:00:00;00:00:40;10;0;0.988777;0;0;0;40;40;36;2;4;0;0;0;0;0;0;0;0;0;0;0;0;0;0;0;0;0;0;0;0;0;0;0;0;0;0;0;0;0;0;0;0;0;0;0;0;0;12;0;0;0;0;0;0;00:00:00:000000;00:00:00:014000;00:00:00:000000;00:00:00:006000;00:00:39:981000;00:00:39:985000;00:00:00:015000;00:00:00:010000;;5;30;3;2;0;0;0;0;0;;0;0;0;0;0;0;0;4;
2014-04-06	14:33:51.168554	1396787631.168554;2014-04-06	14:34:31.623441	1396787671.623441;2014-04-06	14:34:31.824168	1396787671.824168;00:00:00;00:00:40;10;0;0.983889;0;0;0;40;40;34;2;6;0;0;0;0;0;0;0;0;0;0;0;0;0;0;0;0;0;0;0;0;0;0;0;0;0;0;0;0;0;0;0;0;0;0;0;0;0;12;0;0;0;0;0;0;00:00:00:000000;00:00:00:014000;00:00:00:000000;00:00:00:006000;00:00:39:992000;00:00:39:987000;00:00:00:000000;00:00:00:008000;;5;30;3;2;0;0;0;0;0;;0;0;0;0;0;0;0;6;
2014-04-06	14:33:51.168554	1396787631.168554;2014-04-06	14:34:31.824255	1396787671.824255;2014-04-06	14:34:32.033319	1396787672.033319;00:00:00;00:00:40;10;0;0.978857;0;0;0;40;40;32;2;8;0;0;0;0;0;0;0;0;0;0;0;0;0;0;0;0;0;0;0;0;0;0;0;0;0;0;0;0;0;0;0;0;0;0;0;0;0;12;0;0;0;0;0;0;00:00:00:000000;00:00:00:014000;00:00:00:000000;00:00:00:006000;00:00:39:983000;00:00:39:986000;00:00:00:004000;00:00:00:007000;;5;30;3;2;0;0;0;0;0;;0;0;0;0;0;0;0;8;
2014-04-06	14:33:51.168554	1396787631.168554;2014-04-06	14:34:32.033418	1396787672.033418;2014-04-06	14:34:32.243294	1396787672.243294;00:00:00;00:00:41;10;0;0.973852;0;0;0;40;40;30;2;10;0;0;0;0;0;0;0;0;0;0;0;0;0;0;0;0;0;0;0;0;0;0;0;0;0;0;0;0;0;0;0;0;0;0;0;0;1;13;0;0;0;0;0;0;00:00:00:000000;00:00:00:014000;00:00:00:000000;00:00:00:006000;00:00:40:003000;00:00:39:989000;00:00:00:009000;00:00:00:010000;;5;30;3;2;0;0;0;0;0;;0;0;0;0;0;0;0;10;
2014-04-06	14:33:51.168554	1396787631.168554;2014-04-06	14:34:32.243391	1396787672.243391;2014-04-06	14:34:32.444217	1396787672.444217;00:00:00;00:00:41;10;0;0.96911;0;0;0;40;40;28;2;12;0;0;0;0;0;0;0;0;0;0;0;0;0;0;0;0;0;0;0;0;0;0;0;0;0;0;0;0;0;0;0;0;0;0;0;0;0;13;0;0;0;0;0;0;00:00:00:000000;00:00:00:014000;00:00:00:000000;00:00:00:006000;00:00:39:988000;00:00:39:989000;00:00:00:004000;00:00:00:009000;;5;30;3;2;0;0;0;0;0;;0;0;0;0;0;0;0;12;
2014-04-06	14:33:51.168554	1396787631.168554;2014-04-06	14:34:32.444296	1396787672.444296;2014-04-06	14:34:32.653326	1396787672.653326;00:00:00;00:00:41;10;0;0.964227;0;0;0;40;40;26;2;14;0;0;0;0;0;0;0;0;0;0;0;0;0;0;0;0;0;0;0;0;0;0;0;0;0;0;0;0;0;0;0;0;0;0;0;0;0;13;0;0;0;0;0;0;00:00:00:000000;00:00:00:014000;00:00:00:000000;00:00:00:006000;00:00:39:991000;00:00:39:989000;00:00:00:000000;00:00:00:008000;;5;30;3;2;0;0;0;0;0;;0;0;0;0;0;0;0;14;
2014-04-06	14:33:51.168554	1396787631.168554;2014-04-06	14:34:32.653427	1396787672.653427;2014-04-06	14:34:32.864194	1396787672.864194;00:00:00;00:00:41;10;0;0.959348;0;0;0;40;40;24;2;16;0;0;0;0;0;0;0;0;0;0;0;0;0;0;0;0;0;0;0;0;0;0;0;0;0;0;0;0;0;0;0;0;0;0;0;0;2;15;0;0;0;0;0;0;00:00:00:000000;00:00:00:014000;00:00:00:000000;00:00:00:006000;00:00:39:994000;00:00:39:990000;00:00:00:016000;00:00:00:009000;;5;30;3;2;0;0;0;0;0;;0;0;0;0;0;0;0;16;
2014-04-06	14:33:51.168554	1396787631.168554;2014-04-06	14:34:32.864291	1396787672.864291;2014-04-06	14:34:33.079354	1396787673.079354;00:00:00;00:00:41;10;0;0.954426;0;0;0;40;40;22;2;18;0;0;0;0;0;0;0;0;0;0;0;0;0;0;0;0;0;0;0;0;0;0;0;0;0;0;0;0;0;0;0;0;0;0;0;0;1;16;0;0;0;0;0;0;00:00:00:000000;00:00:00:014000;00:00:00:000000;00:00:00:006000;00:00:40:002000;00:00:39:991000;00:00:00:022000;00:00:00:011000;;5;30;3;2;0;0;0;0;0;;0;0;0;0;0;0;0;18;
2014-04-06	14:33:51.168554	1396787631.168554;2014-04-06	14:34:33.079458	1396787673.079458;2014-04-06	14:34:33.283640	1396787673.283640;00:00:00;00:00:42;10;0;0.94978;0;0;0;40;40;19;3;21;0;0;0;0;0;0;0;0;0;0;0;0;0;0;0;0;0;0;0;0;0;0;0;0;0;0;0;0;0;0;0;0;0;0;0;0;0;16;0;0;0;0;0;0;00:00:00:000000;00:00:00:014000;00:00:00:000000;00:00:00:006000;00:00:39:991000;00:00:39:991000;00:00:00:009000;00:00:00:010000;;5;30;3;2;0;0;0;0;0;;0;0;0;0;0;0;0;21;
2014-04-06	14:33:51.168554	1396787631.168554;2014-04-06	14:34:33.283732	1396787673.283732;2014-04-06	14:34:33.486331	1396787673.486331;00:00:00;00:00:42;10;0;0.945247;0;0;0;40;40;18;1;22;0;0;0;0;0;0;0;0;0;0;0;0;0;0;0;0;0;0;0;0;0;0;0;0;0;0;0;0;0;0;0;0;0;0;0;0;0;16;0;0;0;0;0;0;00:00:00:000000;00:00:00:014000;00:00:00:000000;00:00:00:006000;00:00:39:982000;00:00:39:991000;2562047788015:12:55:808000;00:00:00:010000;;5;30;3;2;0;0;0;0;0;;0;0;0;0;0;0;0;22;
2014-04-06	14:33:51.168554	1396787631.168554;2014-04-06	14:34:33.486435	1396787673.486435;2014-04-06	14:34:33.693322	1396787673.693322;00:00:00;00:00:42;10;0;0.940645;0;0;0;40;40;16;2;24;0;0;0;0;0;0;0;0;0;0;0;0;0;0;0;0;0;0;0;0;0;0;0;0;0;0;0;0;0;0;0;0;0;0;0;0;0;16;0;0;0;0;0;0;00:00:00:000000;00:00:00:014000;00:00:00:000000;00:00:00:006000;00:00:39:992000;00:00:39:991000;00:00:00:001000;00:00:00:010000;;5;30;3;2;0;0;0;0;0;;0;0;0;0;0;0;0;24;
2014-04-06	14:33:51.168554	1396787631.168554;2014-04-06	14:34:33.693434	1396787673.693434;2014-04-06	14:34:33.903320	1396787673.903320;00:00:00;00:00:42;10;0;0.936023;0;0;0;40;40;13;3;27;0;0;0;0;0;0;0;0;0;0;0;0;0;0;0;0;0;0;0;0;0;0;0;0;0;0;0;0;0;0;0;0;0;0;0;0;0;16;0;0;0;0;0;0;00:00:00:000000;00:00:00:014000;00:00:00:000000;00:00:00:006000;00:00:40:000000;00:00:39:992000;00:00:00:013000;00:00:00:010000;;5;30;3;2;0;0;0;0;0;;0;0;0;0;0;0;0;27;
2014-04-06	14:33:51.168554	1396787631.168554;2014-04-06	14:34:33.903466	1396787673.903466;2014-04-06	14:34:34.104163	1396787674.104163;00:00:00;00:00:42;10;0;0.931641;0;0;0;40;40;11;2;29;0;0;0;0;0;0;0;0;0;0;0;0;0;0;0;0;0;0;0;0;0;0;0;0;0;0;0;0;0;0;0;0;0;0;0;0;0;16;0;0;0;0;0;0;00:00:00:000000;00:00:00:014000;00:00:00:000000;00:00:00:006000;00:00:39:981000;00:00:39:991000;00:00:00:014000;00:00:00:011000;;5;30;3;2;0;0;0;0;0;;0;0;0;0;0;0;0;29;
2014-04-06	14:33:51.168554	1396787631.168554;2014-04-06	14:34:34.104250	1396787674.104250;2014-04-06	14:34:34.313403	1396787674.313403;00:00:00;00:00:43;10;0;0.927128;0;0;0;40;40;9;2;31;0;0;0;0;0;0;0;0;0;0;0;0;0;0;0;0;0;0;0;0;0;0;0;0;0;0;0;0;0;0;0;0;0;0;0;0;0;16;0;0;0;0;0;0;00:00:00:000000;00:00:00:014000;00:00:00:000000;00:00:00:006000;00:00:39:987000;00:00:39:991000;00:00:00:005000;00:00:00:010000;;5;30;3;2;0;0;0;0;0;;0;0;0;0;0;0;0;31;
2014-04-06	14:33:51.168554	1396787631.168554;2014-04-06	14:34:34.313492	1396787674.313492;2014-04-06	14:34:34.524237	1396787674.524237;00:00:00;00:00:43;10;0;0.922616;0;0;0;40;40;7;2;33;0;0;0;0;0;0;0;0;0;0;0;0;0;0;0;0;0;0;0;0;0;0;0;0;0;0;0;0;0;0;0;0;0;0;0;0;0;16;0;0;0;0;0;0;00:00:00:000000;00:00:00:014000;00:00:00:000000;00:00:00:006000;00:00:40:016000;00:00:39:992000;00:00:00:021000;00:00:00:012000;;5;30;3;2;0;0;0;0;0;;0;0;0;0;0;0;0;33;
2014-04-06	14:33:51.168554	1396787631.168554;2014-04-06	14:34:34.524321	1396787674.524321;2014-04-06	14:34:34.733537	1396787674.733537;00:00:00;00:00:43;10;0;0.918189;0;0;0;40;40;5;2;35;0;0;0;0;0;0;0;0;0;0;0;0;0;0;0;0;0;0;0;0;0;0;0;0;0;0;0;0;0;0;0;0;0;0;0;0;0;16;0;0;0;0;0;0;00:00:00:000000;00:00:00:014000;00:00:00:000000;00:00:00:006000;00:00:39:987000;00:00:39:992000;00:00:00:005000;00:00:00:012000;;5;30;3;2;0;0;0;0;0;;0;0;0;0;0;0;0;35;
2014-04-06	14:33:51.168554	1396787631.168554;2014-04-06	14:34:34.733718	1396787674.733718;2014-04-06	14:34:34.943298	1396787674.943298;00:00:00;00:00:43;10;0;0.913784;0;0;0;40;40;3;2;37;0;0;0;0;0;0;0;0;0;0;0;0;0;0;0;0;0;0;0;0;0;0;0;0;0;0;0;0;0;0;0;0;0;0;0;0;0;16;0;0;0;0;0;0;00:00:00:000000;00:00:00:014000;00:00:00:000000;00:00:00:006000;00:00:40:007000;00:00:39:993000;00:00:00:000000;00:00:00:012000;;5;30;3;2;0;0;0;0;0;;0;0;0;0;0;0;0;37;
2014-04-06	14:33:51.168554	1396787631.168554;2014-04-06	14:34:34.943405	1396787674.943405;2014-04-06	14:34:35.144155	1396787675.144155;00:00:00;00:00:43;10;0;0.909608;0;0;0;40;40;1;2;39;0;0;0;0;0;0;0;0;0;0;0;0;0;0;0;0;0;0;0;0;0;0;0;0;0;0;0;0;0;0;0;0;0;0;0;0;0;16;0;0;0;0;0;0;00:00:00:000000;00:00:00:014000;00:00:00:000000;00:00:00:006000;00:00:39:995000;00:00:39:993000;00:00:00:006000;00:00:00:012000;;5;30;3;2;0;0;0;0;0;;0;0;0;0;0;0;0;39;
2014-04-06	14:33:51.168554	1396787631.168554;2014-04-06	14:34:35.144240	1396787675.144240;2014-04-06	14:34:35.197337	1396787675.197337;00:00:00;00:00:44;10;0;0.908513;0;0;0;40;40;0;1;40;0;0;0;0;0;0;0;0;0;0;0;0;0;0;0;0;0;0;0;0;0;0;0;0;0;0;0;0;0;0;0;0;0;0;0;0;0;16;0;0;0;0;0;0;00:00:00:000000;00:00:00:014000;00:00:00:000000;00:00:00:006000;00:00:40:004000;00:00:39:993000;2562047788015:12:55:808000;00:00:00:012000;;5;30;3;2;0;0;0;0;0;;0;0;0;0;0;0;0;40;
2014-04-06	14:33:51.168554	1396787631.168554;2014-04-06	14:34:35.197401	1396787675.197401;2014-04-06	14:34:35.197534	1396787675.197534;00:00:00;00:00:44;10;0;0.908513;0;0;0;40;40;0;0;40;0;0;0;0;0;0;0;0;0;0;0;0;0;0;0;0;0;0;0;0;0;0;0;0;0;0;0;0;0;0;0;0;0;0;0;0;0;16;0;0;0;0;0;0;00:00:00:000000;00:00:00:014000;00:00:00:000000;00:00:00:006000;00:00:00:000000;00:00:39:993000;00:00:00:000000;00:00:00:012000;;5;30;3;2;0;0;0;0;0;;0;0;0;0;0;0;0;40;
